Iteration,Latency_ns
0,15551
1,1754
2,1362
3,1302
4,1326
5,1289
6,1269
7,1303
8,1287
9,1254
10,1258
11,1293
12,1297
13,1279
14,1289
15,1311
16,1269
17,1261
18,1271
19,1297
20,1260
21,1278
22,1270
23,1277
24,1300
25,1268
26,1274
27,1301
28,1290
29,1277
30,1284
31,1273
32,1291
33,1278
34,1273
35,1275
36,1294
37,1266
38,1275
39,1298
40,1286
41,1278
42,1271
43,1279
44,1296
45,1270
46,1288
47,1278
48,1280
49,1272
50,1280
51,1279
52,1269
53,1302
54,1284
55,1288
56,1290
57,1264
58,1274
59,1255
60,1281
61,1261
62,1265
63,1266
64,1257
65,1304
66,1283
67,1268
68,1261
69,1264
70,1294
71,1257
72,1273
73,1264
74,1260
75,1275
76,1286
77,1298
78,1269
79,1287
80,1263
81,1269
82,1266
83,1264
84,1275
85,1325
86,1267
87,1333
88,1273
89,1267
90,1290
91,1315
92,1259
93,1277
94,1259
95,1267
96,1297
97,1262
98,1327
99,1277
100,1276
101,1332
102,1277
103,1324
104,1290
105,1288
106,1269
107,1264
108,1273
109,1295
110,1259
111,1271
112,1288
113,1281
114,1267
115,1271
116,1268
117,1260
118,1280
119,1303
120,1265
121,1274
122,1273
123,1276
124,126460
125,1497
126,1319
127,1291
128,1291
129,1343
130,1275
131,1272
132,1326
133,1268
134,1287
135,1277
136,1279
137,1283
138,1337
139,1279
140,1282
141,1313
142,1270
143,1297
144,1304
145,1289
146,1274
147,1275
148,1325
149,1267
150,1269
151,1291
152,1285
153,1271
154,1273
155,1284
156,1274
157,1304
158,1264
159,1273
160,1413
161,1271
162,1320
163,1300
164,1291
165,1306
166,1260
167,1274
168,1302
169,1277
170,1293
171,1267
172,1277
173,1280
174,1282
175,1280
176,1289
177,1269
178,1321
179,1267
180,1266
181,1263
182,1273
183,1277
184,1258
185,1339
186,1251
187,1282
188,1297
189,1271
190,1276
191,1271
192,1268
193,1301
194,1276
195,1298
196,1273
197,1284
198,1267
199,1270
200,1290
201,1307
202,1310
203,1278
204,1272
205,1273
206,1269
207,1267
208,1285
209,1281
210,1307
211,1271
212,1269
213,1314
214,1294
215,1292
216,1265
217,1266
218,1272
219,1292
220,1266
221,1269
222,1327
223,1290
224,1269
225,1277
226,1290
227,1258
228,1269
229,1269
230,1279
231,1289
232,1280
233,1277
234,1257
235,1290
236,1266
237,1272
238,1288
239,1259
240,1272
241,1308
242,1277
243,1294
244,1254
245,1298
246,1270
247,1309
248,1260
249,1285
250,1301
251,1262
252,1286
253,1274
254,1260
255,1261
256,1267
257,1300
258,1268
259,1303
260,1277
261,1269
262,1279
263,1283
264,1298
265,1305
266,1253
267,1331
268,1303
269,1322
270,1335
271,1328
272,1340
273,1322
274,1371
275,1331
276,1323
277,1315
278,1372
279,1406
280,1332
281,1362
282,1316
283,1318
284,1322
285,1342
286,1320
287,1329
288,1329
289,1332
290,1327
291,1356
292,1318
293,1316
294,1311
295,1354
296,1320
297,1324
298,1343
299,1331
300,1320
301,1333
302,1313
303,1328
304,1356
305,1318
306,1318
307,1333
308,1329
309,1326
310,1314
311,1331
312,1349
313,1318
314,1312
315,1311
316,1338
317,1308
318,1330
319,1334
320,1349
321,1321
322,1323
323,1325
324,1317
325,1312
326,1305
327,1310
328,1322
329,1337
330,1320
331,1316
332,1301
333,1328
334,1305
335,1329
336,1312
337,1346
338,1327
339,1314
340,1312
341,1322
342,1316
343,1317
344,1316
345,1309
346,1323
347,1334
348,1323
349,1321
350,1337
351,1306
352,1324
353,1314
354,1311
355,1370
356,1330
357,1322
358,1326
359,1332
360,1332
361,1515
362,1358
363,1334
364,1322
365,1318
366,1312
367,1354
368,1359
369,1328
370,1320
371,1323
372,1321
373,1332
374,1317
375,1344
376,1326
377,1321
378,1333
379,1354
380,1343
381,1328
382,1309
383,1340
384,1312
385,1307
386,1319
387,1316
388,1326
389,1326
390,1327
391,1322
392,1327
393,1318
394,1330
395,1342
396,1326
397,1336
398,1430
399,1322
400,1319
401,1382
402,1310
403,1320
404,1321
405,1318
406,1312
407,1331
408,1313
409,1332
410,1328
411,1311
412,1315
413,1373
414,1328
415,1306
416,1328
417,1318
418,1322
419,1318
420,1323
421,1406
422,1318
423,1350
424,1353
425,1345
426,1350
427,1323
428,1315
429,1354
430,1323
431,1318
432,1346
433,1325
434,1391
435,1310
436,3445
437,1269
438,1278
439,1274
440,1318
441,1295
442,1293
443,1280
444,1289
445,1272
446,1278
447,1292
448,1268
449,1310
450,1280
451,1263
452,1261
453,1277
454,1268
455,1271
456,1302
457,1277
458,1276
459,14310
460,2173
461,1817
462,2214
463,1954
464,2006
465,2502
466,1379
467,1306
468,1307
469,1330
470,1355
471,1320
472,1318
473,1378
474,1325
475,1284
476,1299
477,1290
478,1293
479,1314
480,1292
481,1294
482,1291
483,1318
484,1294
485,1293
486,1292
487,1285
488,1311
489,1308
490,1310
491,1320
492,1308
493,1278
494,1287
495,1301
496,1293
497,1316
498,1285
499,1318
500,1359
501,1316
502,1313
503,1324
504,1304
505,1293
506,1282
507,1306
508,1278
509,1359
510,1331
511,1290
512,1326
513,1322
514,1319
515,1301
516,1290
517,1297
518,1272
519,1314
520,1271
521,1344
522,1275
523,1315
524,1271
525,1305
526,1288
527,1285
528,22162
529,1546
530,4589
531,1388
532,1356
533,1333
534,1307
535,1305
536,1288
537,1335
538,1296
539,1294
540,1296
541,1296
542,1336
543,1296
544,1291
545,1299
546,1301
547,1300
548,1312
549,1292
550,1291
551,1295
552,1285
553,1332
554,1284
555,1287
556,1301
557,1297
558,1302
559,1279
560,1282
561,1284
562,1281
563,1302
564,1272
565,1295
566,1280
567,1313
568,1286
569,1276
570,1303
571,1271
572,1283
573,1265
574,1271
575,1306
576,1280
577,1273
578,1416
579,1282
580,1278
581,1272
582,1285
583,1298
584,1276
585,1282
586,1387
587,1301
588,1276
589,1288
590,1304
591,1297
592,1281
593,1276
594,1275
595,1277
596,1278
597,1272
598,1279
599,1276
600,1279
601,1304
602,1289
603,1276
604,1285
605,1292
606,1305
607,1282
608,1324
609,1275
610,1280
611,1282
612,1323
613,1276
614,1299
615,1275
616,1278
617,1280
618,1281
619,1328
620,1307
621,1287
622,1273
623,1283
624,1299
625,1317
626,1289
627,1271
628,1268
629,1316
630,1270
631,1274
632,1270
633,1316
634,1270
635,1280
636,1282
637,1280
638,1297
639,1280
640,1279
641,1281
642,1278
643,1274
644,1305
645,1290
646,1287
647,1278
648,1284
649,1287
650,1320
651,1287
652,1308
653,1292
654,1293
655,1293
656,1292
657,1300
658,1288
659,1284
660,1284
661,1284
662,1280
663,1284
664,1281
665,1268
666,1283
667,1304
668,1289
669,1307
670,1286
671,1307
672,1295
673,1292
674,1281
675,1432
676,1311
677,1294
678,1282
679,1283
680,1275
681,1300
682,1293
683,1278
684,1310
685,1285
686,1278
687,1286
688,1314
689,1294
690,1282
691,1294
692,1285
693,1313
694,1280
695,1286
696,1279
697,1285
698,1317
699,1273
700,1285
701,1281
702,1281
703,1402
704,1289
705,1285
706,1269
707,1342
708,1293
709,1288
710,1283
711,1279
712,1305
713,1285
714,1285
715,1287
716,1271
717,1295
718,1274
719,1263
720,1300
721,1282
722,1281
723,1285
724,1291
725,1277
726,1281
727,4115
728,2224
729,2239
730,2231
731,2298
732,2245
733,2252
734,2240
735,2240
736,2289
737,2283
738,2241
739,2214
740,2229
741,2315
742,2230
743,2208
744,2270
745,2247
746,2227
747,2236
748,2227
749,2266
750,2228
751,2233
752,2224
753,2219
754,2266
755,2244
756,2231
757,2235
758,2270
759,2220
760,2244
761,2224
762,2230
763,2306
764,2234
765,2233
766,2217
767,2216
768,2256
769,2241
770,2208
771,2290
772,2236
773,2241
774,2238
775,2232
776,2222
777,2219
778,2233
779,2276
780,2236
781,2218
782,2240
783,2222
784,2317
785,2251
786,2216
787,2222
788,2233
789,2268
790,2235
791,2264
792,2240
793,2219
794,2229
795,2242
796,2296
797,2235
798,2220
799,2269
800,2233
801,2280
802,2229
803,2258
804,2234
805,2291
806,2243
807,2240
808,2237
809,2308
810,2236
811,2220
812,2242
813,2265
814,2236
815,2228
816,2226
817,2252
818,2198
819,2216
820,2239
821,2223
822,2265
823,2226
824,2236
825,2229
826,2243
827,2532
828,2356
829,2230
830,2271
831,2228
832,2240
833,2270
834,2267
835,2224
836,2213
837,2240
838,2208
839,2206
840,2215
841,2209
842,2301
843,2227
844,2238
845,2253
846,2232
847,2264
848,2244
849,2213
850,2247
851,2230
852,2309
853,2221
854,2274
855,2386
856,4011
857,2358
858,2225
859,2340
860,2237
861,2206
862,2215
863,2209
864,2209
865,2208
866,2195
867,2186
868,2202
869,2280
870,2197
871,2320
872,2218
873,2207
874,2264
875,2205
876,2206
877,2197
878,2252
879,2206
880,2218
881,2213
882,2213
883,2234
884,2206
885,2216
886,2215
887,2219
888,2231
889,2208
890,2203
891,2192
892,2191
893,2254
894,4176
895,2217
896,2218
897,2219
898,2210
899,2276
900,2205
901,2225
902,2224
903,2234
904,2323
905,2225
906,2214
907,2260
908,2295
909,2200
910,2206
911,2227
912,2226
913,2299
914,2295
915,2230
916,2378
917,2231
918,2232
919,2211
920,6496
921,2537
922,2578
923,2349
924,2292
925,2270
926,2247
927,2244
928,2251
929,2248
930,2301
931,2226
932,2272
933,2237
934,2237
935,2231
936,2285
937,2241
938,2224
939,2318
940,2217
941,2270
942,2234
943,2373
944,2265
945,2232
946,2216
947,2271
948,2214
949,2330
950,2219
951,2299
952,2231
953,247966
954,807
955,762
956,731
957,717
958,713
959,708
960,711
961,1575
962,832
963,744
964,721
965,710
966,713
967,731
968,706
969,735
970,703
971,699
972,701
973,720
974,710
975,708
976,704
977,704
978,700
979,722
980,728
981,700
982,700
983,698
984,705
985,713
986,703
987,700
988,700
989,721
990,730
991,700
992,703
993,702
994,702
995,708
996,733
997,704
998,752
999,695
1000,706
1001,801
1002,707
1003,711
1004,707
1005,711
1006,714
1007,706
1008,708
1009,699
1010,719
1011,704
1012,700
1013,700
1014,702
1015,698
1016,712
1017,701
1018,697
1019,704
1020,702
1021,713
1022,702
1023,697
1024,701
1025,723
1026,701
1027,704
1028,709
1029,717
1030,711
1031,707
1032,708
1033,731
1034,725
1035,708
1036,715
1037,708
1038,708
1039,738
1040,708
1041,709
1042,708
1043,706
1044,705
1045,718
1046,699
1047,698
1048,699
1049,701
1050,699
1051,703
1052,702
1053,702
1054,724
1055,706
1056,711
1057,705
1058,700
1059,701
1060,698
1061,725
1062,709
1063,697
1064,718
1065,738
1066,715
1067,707
1068,701
1069,705
1070,700
1071,724
1072,705
1073,715
1074,702
1075,701
1076,700
1077,700
1078,723
1079,721
1080,694
1081,703
1082,716
1083,709
1084,699
1085,704
1086,704
1087,703
1088,700
1089,716
1090,701
1091,704
1092,922
1093,707
1094,728
1095,707
1096,720
1097,702
1098,711
1099,705
1100,704
1101,733
1102,703
1103,711
1104,706
1105,717
1106,713
1107,714
1108,694
1109,726
1110,700
1111,705
1112,699
1113,710
1114,712
1115,711
1116,698
1117,710
1118,699
1119,700
1120,705
1121,710
1122,709
1123,706
1124,700
1125,713
1126,699
1127,705
1128,702
1129,702
1130,700
1131,704
1132,721
1133,731
1134,703
1135,735
1136,704
1137,710
1138,695
1139,699
1140,707
1141,706
1142,698
1143,703
1144,710
1145,748
1146,701
1147,700
1148,720
1149,714
1150,699
1151,697
1152,700
1153,708
1154,714
1155,706
1156,710
1157,706
1158,702
1159,706
1160,719
1161,699
1162,708
1163,698
1164,701
1165,736
1166,701
1167,698
1168,707
1169,703
1170,709
1171,699
1172,702
1173,700
1174,713
1175,700
1176,697
1177,703
1178,699
1179,711
1180,718
1181,722
1182,712
1183,696
1184,702
1185,715
1186,697
1187,709
1188,700
1189,703
1190,699
1191,711
1192,702
1193,720
1194,712
1195,700
1196,706
1197,703
1198,695
1199,701
1200,694
1201,700
1202,725
1203,704
1204,697
1205,700
1206,700
1207,705
1208,709
1209,698
1210,701
1211,699
1212,719
1213,709
1214,702
1215,715
1216,701
1217,706
1218,714
1219,704
1220,785
1221,721
1222,720
1223,701
1224,713
1225,703
1226,714
1227,701
1228,699
1229,707
1230,703
1231,718
1232,702
1233,707
1234,701
1235,704
1236,697
1237,697
1238,706
1239,707
1240,703
1241,710
1242,714
1243,708
1244,711
1245,701
1246,702
1247,704
1248,700
1249,713
1250,702
1251,704
1252,703
1253,700
1254,701
1255,704
1256,710
1257,711
1258,781
1259,706
1260,703
1261,719
1262,702
1263,708
1264,695
1265,707
1266,712
1267,699
1268,696
1269,701
1270,701
1271,707
1272,724
1273,696
1274,699
1275,705
1276,705
1277,706
1278,704
1279,705
1280,714
1281,704
1282,702
1283,797
1284,718
1285,709
1286,699
1287,711
1288,702
1289,708
1290,696
1291,716
1292,706
1293,708
1294,706
1295,706
1296,709
1297,701
1298,708
1299,705
1300,711
1301,701
1302,707
1303,702
1304,704
1305,730
1306,709
1307,710
1308,709
1309,702
1310,703
1311,707
1312,723
1313,705
1314,707
1315,701
1316,821
1317,703
1318,700
1319,705
1320,702
1321,719
1322,703
1323,702
1324,702
1325,694
1326,717
1327,700
1328,704
1329,706
1330,731
1331,699
1332,701
1333,703
1334,699
1335,701
1336,728
1337,704
1338,707
1339,705
1340,700
1341,712
1342,702
1343,701
1344,704
1345,699
1346,815
1347,705
1348,702
1349,706
1350,714
1351,702
1352,705
1353,703
1354,713
1355,706
1356,699
1357,703
1358,701
1359,702
1360,705
1361,708
1362,701
1363,705
1364,702
1365,713
1366,698
1367,697
1368,701
1369,707
1370,704
1371,730
1372,697
1373,706
1374,734
1375,698
1376,709
1377,702
1378,715
1379,709
1380,2125
1381,805
1382,749
1383,745
1384,707
1385,721
1386,738
1387,717
1388,718
1389,713
1390,714
1391,723
1392,719
1393,711
1394,717
1395,700
1396,7147
1397,871
1398,761
1399,754
1400,745
1401,774
1402,705
1403,722
1404,702
1405,710
1406,710
1407,721
1408,716
1409,705
1410,705
1411,707
1412,720
1413,714
1414,703
1415,706
1416,706
1417,705
1418,722
1419,807
1420,707
1421,726
1422,705
1423,707
1424,718
1425,706
1426,701
1427,700
1428,709
1429,720
1430,706
1431,710
1432,718
1433,796
1434,713
1435,704
1436,708
1437,716
1438,707
1439,708
1440,704
1441,703
1442,724
1443,706
1444,745
1445,708
1446,708
1447,706
1448,709
1449,711
1450,710
1451,731
1452,706
1453,705
1454,714
1455,705
1456,710
1457,705
1458,718
1459,703
1460,700
1461,706
1462,726
1463,703
1464,704
1465,709
1466,708
1467,718
1468,710
1469,710
1470,709
1471,704
1472,709
1473,713
1474,1518
1475,761
1476,734
1477,767
1478,696
1479,700
1480,689
1481,708
1482,702
1483,695
1484,701
1485,693
1486,710
1487,699
1488,698
1489,700
1490,689
1491,716
1492,693
1493,689
1494,694
1495,700
1496,717
1497,705
1498,696
1499,708
1500,716
1501,693
1502,703
1503,695
1504,695
1505,707
1506,729
1507,720
1508,699
1509,700
1510,716
1511,697
1512,697
1513,700
1514,701
1515,729
1516,723
1517,693
1518,701
1519,697
1520,700
1521,716
1522,696
1523,694
1524,696
1525,699
1526,715
1527,698
1528,710
1529,711
1530,694
1531,707
1532,696
1533,707
1534,695
1535,701
1536,709
1537,715
1538,705
1539,689
1540,696
1541,716
1542,711
1543,721
1544,702
1545,695
1546,708
1547,694
1548,704
1549,692
1550,697
1551,694
1552,695
1553,708
1554,705
1555,694
1556,709
1557,708
1558,691
1559,695
1560,698
1561,711
1562,697
1563,699
1564,711
1565,713
1566,711
1567,700
1568,698
1569,697
1570,704
1571,699
1572,697
1573,699
1574,698
1575,719
1576,697
1577,692
1578,712
1579,694
1580,695
1581,695
1582,696
1583,707
1584,699
1585,694
1586,704
1587,686
1588,710
1589,689
1590,692
1591,692
1592,689
1593,710
1594,688
1595,689
1596,688
1597,690
1598,707
1599,699
1600,691
1601,689
1602,696
1603,691
1604,691
1605,714
1606,695
1607,693
1608,696
1609,706
1610,694
1611,695
1612,687
1613,689
1614,699
1615,696
1616,688
1617,692
1618,693
1619,706
1620,693
1621,692
1622,706
1623,700
1624,700
1625,692
1626,711
1627,694
1628,693
1629,695
1630,708
1631,696
1632,695
1633,692
1634,693
1635,714
1636,694
1637,697
1638,697
1639,710
1640,694
1641,705
1642,697
1643,694
1644,696
1645,713
1646,693
1647,697
1648,693
1649,694
1650,727
1651,693
1652,694
1653,693
1654,697
1655,786
1656,718
1657,696
1658,700
1659,690
1660,696
1661,696
1662,709
1663,697
1664,695
1665,694
1666,697
1667,711
1668,706
1669,695
1670,689
1671,697
1672,743
1673,703
1674,711
1675,692
1676,693
1677,694
1678,707
1679,699
1680,699
1681,690
1682,692
1683,699
1684,691
1685,692
1686,697
1687,709
1688,698
1689,692
1690,694
1691,691
1692,718
1693,697
1694,703
1695,691
1696,698
1697,702
1698,692
1699,694
1700,697
1701,702
1702,698
1703,701
1704,708
1705,705
1706,697
1707,694
1708,692
1709,692
1710,721
1711,708
1712,696
1713,691
1714,691
1715,691
1716,705
1717,686
1718,691
1719,690
1720,704
1721,696
1722,692
1723,696
1724,701
1725,691
1726,704
1727,712
1728,698
1729,691
1730,693
1731,696
1732,720
1733,689
1734,725
1735,706
1736,705
1737,692
1738,703
1739,697
1740,704
1741,695
1742,698
1743,725
1744,696
1745,693
1746,690
1747,694
1748,693
1749,705
1750,702
1751,693
1752,706
1753,793
1754,695
1755,700
1756,694
1757,695
1758,782
1759,725
1760,699
1761,701
1762,696
1763,716
1764,700
1765,715
1766,694
1767,690
1768,696
1769,700
1770,691
1771,716
1772,698
1773,692
1774,690
1775,715
1776,697
1777,699
1778,696
1779,691
1780,701
1781,694
1782,700
1783,696
1784,707
1785,775
1786,691
1787,701
1788,699
1789,692
1790,712
1791,708
1792,690
1793,693
1794,692
1795,695
1796,718
1797,696
1798,700
1799,688
1800,692
1801,691
1802,704
1803,689
1804,699
1805,699
1806,706
1807,689
1808,780
1809,701
1810,696
1811,697
1812,708
1813,695
1814,777
1815,696
1816,778
1817,693
1818,698
1819,694
1820,748
1821,783
1822,690
1823,696
1824,697
1825,707
1826,696
1827,696
1828,693
1829,694
1830,698
1831,720
1832,744
1833,697
1834,693
1835,1058
1836,706
1837,699
1838,711
1839,734
1840,715
1841,696
1842,697
1843,775
1844,712
1845,697
1846,723
1847,709
1848,706
1849,701
1850,704
1851,750
1852,706
1853,707
1854,696
1855,712
1856,703
1857,712
1858,705
1859,701
1860,702
1861,694
1862,699
1863,743
1864,708
1865,699
1866,718
1867,697
1868,702
1869,698
1870,695
1871,800
1872,702
1873,697
1874,699
1875,702
1876,706
1877,711
1878,718
1879,697
1880,702
1881,701
1882,700
1883,701
1884,714
1885,706
1886,709
1887,700
1888,728
1889,712
1890,717
1891,704
1892,697
1893,697
1894,702
1895,701
1896,720
1897,709
1898,695
1899,695
1900,717
1901,700
1902,698
1903,701
1904,801
1905,700
1906,698
1907,704
1908,701
1909,726
1910,697
1911,713
1912,700
1913,710
1914,693
1915,694
1916,704
1917,696
1918,817
1919,699
1920,707
1921,701
1922,699
1923,709
1924,694
1925,719
1926,700
1927,715
1928,694
1929,716
1930,695
1931,699
1932,701
1933,707
1934,697
1935,702
1936,699
1937,716
1938,697
1939,709
1940,726
1941,696
1942,702
1943,704
1944,825
1945,695
1946,699
1947,696
1948,714
1949,775
1950,698
1951,783
1952,697
1953,696
1954,729
1955,698
1956,698
1957,696
1958,710
1959,696
1960,693
1961,694
1962,691
1963,710
1964,692
1965,695
1966,698
1967,723
1968,701
1969,714
1970,814
1971,706
1972,702
1973,699
1974,719
1975,696
1976,701
1977,708
1978,736
1979,729
1980,2904
1981,729
1982,736
1983,732
1984,718
1985,710
1986,711
1987,715
1988,739
1989,716
1990,713
1991,732
1992,712
1993,711
1994,717
1995,751
1996,737
1997,711
1998,710
1999,709
2000,742
2001,722
2002,791
2003,732
2004,711
2005,736
2006,794
2007,740
2008,818
2009,711
2010,710
2011,708
2012,704
2013,716
2014,703
2015,721
2016,710
2017,710
2018,721
2019,708
2020,711
2021,713
2022,712
2023,738
2024,709
2025,711
2026,715
2027,712
2028,732
2029,883
2030,712
2031,732
2032,702
2033,732
2034,733
2035,717
2036,715
2037,747
2038,712
2039,713
2040,716
2041,724
2042,720
2043,708
2044,819
2045,725
2046,715
2047,712
2048,708
2049,733
2050,705
2051,729
2052,785
2053,709
2054,708
2055,723
2056,742
2057,711
2058,763
2059,707
2060,712
2061,716
2062,2817
2063,1774
2064,702
2065,697
2066,716
2067,692
2068,701
2069,701
2070,705
2071,734
2072,737
2073,708
2074,692
2075,697
2076,696
2077,694
2078,726
2079,706
2080,695
2081,698
2082,697
2083,715
2084,692
2085,720
2086,700
2087,747
2088,698
2089,702
2090,696
2091,692
2092,794
2093,700
2094,696
2095,702
2096,698
2097,704
2098,705
2099,696
2100,827
2101,703
2102,779
2103,736
2104,723
2105,4872
2106,712
2107,712
2108,943
2109,713
2110,707
2111,712
2112,711
2113,739
2114,709
2115,712
2116,717
2117,712
2118,709
2119,714
2120,712
2121,835
2122,715
2123,733
2124,705
2125,898
2126,729
2127,712
2128,710
2129,726
2130,710
2131,714
2132,713
2133,735
2134,711
2135,727
2136,709
2137,711
2138,711
2139,724
2140,748
2141,746
2142,715
2143,714
2144,710
2145,888
2146,717
2147,714
2148,715
2149,716
2150,724
2151,712
2152,709
2153,710
2154,1826
2155,809
2156,695
2157,699
2158,692
2159,710
2160,718
2161,696
2162,694
2163,724
2164,685
2165,779
2166,693
2167,795
2168,725
2169,935
2170,849
2171,706
2172,710
2173,698
2174,697
2175,697
2176,776
2177,703
2178,700
2179,711
2180,759
2181,2634
2182,710
2183,712
2184,707
2185,732
2186,711
2187,715
2188,710
2189,715
2190,709
2191,716
2192,711
2193,708
2194,715
2195,712
2196,719
2197,717
2198,849
2199,714
2200,741
2201,822
2202,717
2203,715
2204,713
2205,716
2206,735
2207,717
2208,741
2209,709
2210,797
2211,718
2212,728
2213,710
2214,858
2215,711
2216,715
2217,821
2218,719
2219,710
2220,713
2221,710
2222,879
2223,916
2224,822
2225,795
2226,709
2227,710
2228,743
2229,801
2230,709
2231,864
2232,710
2233,713
2234,710
2235,724
2236,712
2237,717
2238,721
2239,713
2240,725
2241,708
2242,713
2243,738
2244,753
2245,714
2246,945
2247,803
2248,956
2249,718
2250,705
2251,904
2252,804
2253,707
2254,711
2255,717
2256,832
2257,706
2258,717
2259,728
2260,718
2261,708
2262,793
2263,714
2264,743
2265,714
2266,722
2267,714
2268,718
2269,720
2270,715
2271,744
2272,728
2273,709
2274,713
2275,715
2276,711
2277,713
2278,712
2279,714
2280,888
2281,797
2282,711
2283,716
2284,723
2285,721
2286,717
2287,716
2288,711
2289,1519
2290,805
2291,784
2292,766
2293,742
2294,832
2295,727
2296,724
2297,751
2298,737
2299,727
2300,726
2301,727
2302,723
2303,720
2304,756
2305,734
2306,720
2307,724
2308,728
2309,731
2310,726
2311,729
2312,740
2313,729
2314,720
2315,727
2316,733
2317,724
2318,800
2319,722
2320,744
2321,825
2322,720
2323,727
2324,721
2325,837
2326,743
2327,729
2328,724
2329,739
2330,738
2331,740
2332,722
2333,737
2334,721
2335,737
2336,719
2337,747
2338,723
2339,726
2340,810
2341,732
2342,837
2343,738
2344,740
2345,722
2346,726
2347,737
2348,721
2349,731
2350,730
2351,740
2352,729
2353,733
2354,725
2355,938
2356,730
2357,734
2358,730
2359,834
2360,745
2361,734
2362,728
2363,731
2364,741
2365,733
2366,727
2367,717
2368,741
2369,721
2370,724
2371,718
2372,719
2373,743
2374,720
2375,719
2376,720
2377,766
2378,738
2379,721
2380,719
2381,724
2382,752
2383,731
2384,724
2385,745
2386,724
2387,759
2388,740
2389,738
2390,749
2391,721
2392,726
2393,723
2394,721
2395,738
2396,721
2397,817
2398,743
2399,727
2400,722
2401,720
2402,752
2403,723
2404,722
2405,732
2406,843
2407,751
2408,810
2409,823
2410,726
2411,729
2412,726
2413,724
2414,726
2415,736
2416,726
2417,741
2418,812
2419,745
2420,720
2421,752
2422,803
2423,739
2424,822
2425,827
2426,804
2427,751
2428,721
2429,738
2430,1837
2431,718
2432,707
2433,721
2434,710
2435,709
2436,718
2437,701
2438,727
2439,717
2440,714
2441,730
2442,719
2443,721
2444,706
2445,710
2446,716
2447,709
2448,716
2449,701
2450,710
2451,708
2452,721
2453,703
2454,716
2455,709
2456,718
2457,709
2458,736
2459,709
2460,794
2461,706
2462,702
2463,709
2464,727
2465,710
2466,711
2467,742
2468,708
2469,716
2470,717
2471,720
2472,715
2473,713
2474,712
2475,736
2476,706
2477,705
2478,709
2479,739
2480,712
2481,714
2482,705
2483,724
2484,706
2485,709
2486,716
2487,707
2488,714
2489,710
2490,709
2491,704
2492,706
2493,709
2494,720
2495,707
2496,718
2497,708
2498,729
2499,806
2500,707
2501,711
2502,724
2503,708
2504,707
2505,712
2506,943
2507,708
2508,721
2509,714
2510,722
2511,708
2512,714
2513,717
2514,720
2515,713
2516,719
2517,707
2518,888
2519,707
2520,713
2521,708
2522,708
2523,716
2524,713
2525,728
2526,713
2527,706
2528,710
2529,711
2530,712
2531,720
2532,803
2533,718
2534,740
2535,720
2536,710
2537,713
2538,728
2539,708
2540,727
2541,712
2542,717
2543,731
2544,712
2545,708
2546,727
2547,709
2548,716
2549,769
2550,713
2551,717
2552,719
2553,726
2554,871
2555,708
2556,707
2557,705
2558,723
2559,711
2560,710
2561,733
2562,707
2563,713
2564,710
2565,708
2566,724
2567,711
2568,717
2569,721
2570,706
2571,726
2572,711
2573,729
2574,710
2575,726
2576,731
2577,709
2578,721
2579,720
2580,707
2581,707
2582,807
2583,722
2584,718
2585,720
2586,709
2587,701
2588,715
2589,708
2590,797
2591,713
2592,709
2593,708
2594,716
2595,706
2596,708
2597,709
2598,720
2599,709
2600,712
2601,708
2602,732
2603,704
2604,727
2605,712
2606,717
2607,722
2608,714
2609,711
2610,711
2611,729
2612,730
2613,719
2614,714
2615,729
2616,711
2617,721
2618,722
2619,717
2620,730
2621,708
2622,707
2623,796
2624,713
2625,716
2626,714
2627,708
2628,709
2629,713
2630,805
2631,720
2632,714
2633,715
2634,713
2635,736
2636,707
2637,797
2638,721
2639,813
2640,712
2641,707
2642,711
2643,715
2644,842
2645,709
2646,719
2647,709
2648,705
2649,710
2650,719
2651,716
2652,709
2653,714
2654,709
2655,710
2656,713
2657,713
2658,710
2659,708
2660,721
2661,713
2662,719
2663,707
2664,713
2665,708
2666,712
2667,729
2668,706
2669,714
2670,703
2671,701
2672,701
2673,716
2674,815
2675,706
2676,720
2677,732
2678,718
2679,721
2680,716
2681,720
2682,711
2683,710
2684,708
2685,709
2686,707
2687,707
2688,732
2689,714
2690,2881
2691,718
2692,710
2693,708
2694,715
2695,710
2696,716
2697,714
2698,712
2699,707
2700,716
2701,716
2702,709
2703,707
2704,738
2705,716
2706,811
2707,712
2708,713
2709,735
2710,710
2711,713
2712,713
2713,709
2714,713
2715,714
2716,712
2717,733
2718,712
2719,835
2720,716
2721,793
2722,716
2723,713
2724,722
2725,734
2726,719
2727,739
2728,725
2729,713
2730,716
2731,736
2732,722
2733,720
2734,861
2735,717
2736,708
2737,707
2738,717
2739,722
2740,754
2741,815
2742,707
2743,791
2744,961
2745,756
2746,794
2747,734
2748,715
2749,713
2750,712
2751,718
2752,711
2753,714
2754,730
2755,718
2756,716
2757,713
2758,720
2759,714
2760,713
2761,714
2762,718
2763,735
2764,714
2765,713
2766,722
2767,716
2768,715
2769,711
2770,712
2771,734
2772,714
2773,715
2774,812
2775,712
2776,712
2777,716
2778,711
2779,730
2780,716
2781,713
2782,709
2783,711
2784,748
2785,721
2786,844
2787,712
2788,708
2789,736
2790,711
2791,704
2792,710
2793,730
2794,713
2795,711
2796,713
2797,710
2798,724
2799,713
2800,715
2801,711
2802,711
2803,716
2804,713
2805,718
2806,721
2807,732
2808,719
2809,717
2810,711
2811,728
2812,736
2813,829
2814,717
2815,726
2816,720
2817,715
2818,712
2819,715
2820,736
2821,712
2822,712
2823,717
2824,738
2825,709
2826,713
2827,708
2828,721
2829,728
2830,840
2831,715
2832,714
2833,715
2834,714
2835,726
2836,725
2837,809
2838,719
2839,824
2840,737
2841,715
2842,713
2843,717
2844,712
2845,728
2846,710
2847,712
2848,709
2849,730
2850,708
2851,791
2852,709
2853,777
2854,738
2855,711
2856,738
2857,714
2858,713
2859,708
2860,709
2861,751
2862,738
2863,714
2864,3000
2865,728
2866,733
2867,737
2868,745
2869,733
2870,726
2871,726
2872,730
2873,752
2874,734
2875,731
2876,740
2877,728
2878,729
2879,823
2880,728
2881,722
2882,728
2883,748
2884,740
2885,746
2886,730
2887,726
2888,756
2889,724
2890,3960
2891,727
2892,721
2893,715
2894,711
2895,717
2896,720
2897,714
2898,715
2899,715
2900,849
2901,714
2902,710
2903,708
2904,732
2905,703
2906,710
2907,714
2908,1090
2909,709
2910,713
2911,706
2912,720
2913,720
2914,708
2915,717
2916,723
2917,707
2918,708
2919,711
2920,711
2921,721
2922,723
2923,724
2924,714
2925,719
2926,726
2927,713
2928,743
2929,715
2930,713
2931,709
2932,712
2933,723
2934,717
2935,783
2936,836
2937,711
2938,730
2939,717
2940,723
2941,700
2942,729
2943,709
2944,726
2945,724
2946,710
2947,706
2948,711
2949,730
2950,719
2951,708
2952,715
2953,714
2954,732
2955,720
2956,2994
2957,745
2958,730
2959,728
2960,735
2961,727
2962,750
2963,726
2964,727
2965,742
2966,736
2967,727
2968,736
2969,727
2970,736
2971,722
2972,732
2973,722
2974,728
2975,753
2976,871
2977,728
2978,1864
2979,721
2980,711
2981,710
2982,8043
2983,936
2984,783
2985,753
2986,743
2987,729
2988,824
2989,736
2990,726
2991,727
2992,724
2993,727
2994,727
2995,722
2996,732
2997,752
2998,761
2999,740
3000,722
3001,723
3002,726
3003,725
3004,719
3005,724
3006,739
3007,719
3008,721
3009,725
3010,721
3011,749
3012,716
3013,723
3014,722
3015,723
3016,718
3017,713
3018,715
3019,720
3020,716
3021,729
3022,717
3023,713
3024,719
3025,715
3026,720
3027,720
3028,736
3029,715
3030,719
3031,715
3032,716
3033,722
3034,724
3035,716
3036,716
3037,711
3038,717
3039,715
3040,719
3041,718
3042,718
3043,712
3044,722
3045,724
3046,728
3047,715
3048,728
3049,711
3050,721
3051,716
3052,715
3053,740
3054,724
3055,717
3056,717
3057,721
3058,720
3059,715
3060,727
3061,719
3062,720
3063,726
3064,725
3065,717
3066,736
3067,720
3068,722
3069,734
3070,717
3071,719
3072,718
3073,719
3074,754
3075,718
3076,717
3077,716
3078,718
3079,713
3080,729
3081,711
3082,715
3083,801
3084,731
3085,718
3086,710
3087,723
3088,722
3089,712
3090,719
3091,719
3092,730
3093,721
3094,733
3095,718
3096,723
3097,724
3098,718
3099,728
3100,717
3101,713
3102,714
3103,723
3104,742
3105,719
3106,730
3107,724
3108,712
3109,711
3110,725
3111,757
3112,716
3113,728
3114,716
3115,712
3116,707
3117,721
3118,715
3119,726
3120,714
3121,715
3122,724
3123,730
3124,717
3125,734
3126,716
3127,734
3128,770
3129,720
3130,744
3131,726
3132,718
3133,722
3134,716
3135,726
3136,839
3137,717
3138,713
3139,714
3140,708
3141,743
3142,714
3143,711
3144,709
3145,727
3146,742
3147,729
3148,8097
3149,1128
3150,1337
3151,1045
3152,868
3153,732
3154,713
3155,716
3156,709
3157,700
3158,701
3159,707
3160,779
3161,698
3162,716
3163,716
3164,701
3165,705
3166,702
3167,717
3168,733
3169,731
3170,717
3171,715
3172,714
3173,723
3174,720
3175,715
3176,732
3177,730
3178,722
3179,714
3180,744
3181,729
3182,732
3183,721
3184,719
3185,721
3186,811
3187,728
3188,717
3189,717
3190,717
3191,724
3192,735
3193,729
3194,724
3195,735
3196,726
3197,731
3198,1047
3199,757
3200,739
3201,722
3202,744
3203,736
3204,731
3205,728
3206,2862
3207,1700
3208,711
3209,703
3210,696
3211,703
3212,698
3213,714
3214,704
3215,701
3216,880
3217,709
3218,707
3219,709
3220,706
3221,711
3222,2983
3223,982
3224,720
3225,794
3226,806
3227,717
3228,719
3229,720
3230,722
3231,720
3232,725
3233,721
3234,727
3235,739
3236,716
3237,805
3238,819
3239,723
3240,723
3241,724
3242,717
3243,724
3244,716
3245,717
3246,717
3247,741
3248,792
3249,715
3250,713
3251,714
3252,760
3253,722
3254,722
3255,727
3256,735
3257,835
3258,710
3259,837
3260,713
3261,732
3262,896
3263,804
3264,839
3265,716
3266,718
3267,715
3268,733
3269,710
3270,717
3271,729
3272,725
3273,733
3274,718
3275,721
3276,718
3277,860
3278,713
3279,719
3280,720
3281,723
3282,717
3283,727
3284,741
3285,714
3286,721
3287,718
3288,734
3289,716
3290,715
3291,719
3292,724
3293,741
3294,714
3295,720
3296,714
3297,714
3298,716
3299,951
3300,715
3301,717
3302,815
3303,707
3304,716
3305,805
3306,723
3307,712
3308,2879
3309,1614
3310,701
3311,713
3312,706
3313,715
3314,720
3315,703
3316,742
3317,703
3318,736
3319,697
3320,703
3321,710
3322,702
3323,743
3324,707
3325,705
3326,707
3327,695
3328,719
3329,808
3330,706
3331,731
3332,720
3333,2594
3334,722
3335,718
3336,723
3337,729
3338,723
3339,719
3340,715
3341,732
3342,727
3343,715
3344,723
3345,725
3346,722
3347,715
3348,748
3349,720
3350,788
3351,723
3352,727
3353,816
3354,749
3355,790
3356,818
3357,716
3358,718
3359,720
3360,746
3361,886
3362,715
3363,714
3364,734
3365,718
3366,811
3367,721
3368,727
3369,720
3370,732
3371,723
3372,765
3373,814
3374,716
3375,718
3376,716
3377,749
3378,729
3379,719
3380,713
3381,715
3382,706
3383,734
3384,710
3385,711
3386,727
3387,710
3388,720
3389,711
3390,715
3391,850
3392,805
3393,776
3394,831
3395,781
3396,716
3397,726
3398,721
3399,737
3400,718
3401,720
3402,728
3403,730
3404,732
3405,723
3406,984
3407,741
3408,771
3409,715
3410,820
3411,737
3412,720
3413,717
3414,723
3415,713
3416,718
3417,791
3418,708
3419,719
3420,734
3421,719
3422,721
3423,715
3424,709
3425,731
3426,712
3427,720
3428,724
3429,723
3430,720
3431,723
3432,729
3433,719
3434,719
3435,715
3436,718
3437,720
3438,723
3439,808
3440,713
3441,709
3442,730
3443,715
3444,2665
3445,1615
3446,739
3447,706
3448,723
3449,702
3450,725
3451,708
3452,697
3453,704
3454,705
3455,708
3456,708
3457,719
3458,724
3459,707
3460,702
3461,735
3462,709
3463,709
3464,695
3465,817
3466,715
3467,706
3468,704
3469,701
3470,700
3471,718
3472,704
3473,703
3474,787
3475,694
3476,719
3477,716
3478,703
3479,709
3480,701
3481,709
3482,716
3483,797
3484,717
3485,869
3486,795
3487,708
3488,698
3489,702
3490,836
3491,699
3492,708
3493,704
3494,708
3495,700
3496,701
3497,795
3498,775
3499,695
3500,711
3501,699
3502,710
3503,750
3504,2679
3505,714
3506,716
3507,726
3508,723
3509,719
3510,729
3511,717
3512,722
3513,718
3514,728
3515,714
3516,719
3517,721
3518,716
3519,714
3520,728
3521,730
3522,719
3523,842
3524,721
3525,719
3526,722
3527,718
3528,721
3529,737
3530,724
3531,720
3532,723
3533,723
3534,723
3535,738
3536,715
3537,717
3538,721
3539,719
3540,718
3541,723
3542,800
3543,723
3544,723
3545,711
3546,718
3547,714
3548,719
3549,722
3550,727
3551,715
3552,859
3553,713
3554,715
3555,710
3556,713
3557,712
3558,712
3559,715
3560,720
3561,708
3562,717
3563,722
3564,728
3565,712
3566,710
3567,709
3568,730
3569,713
3570,872
3571,713
3572,714
3573,851
3574,720
3575,740
3576,719
3577,719
3578,801
3579,725
3580,729
3581,720
3582,721
3583,714
3584,707
3585,714
3586,716
3587,772
3588,1069
3589,712
3590,712
3591,719
3592,705
3593,722
3594,711
3595,813
3596,708
3597,713
3598,710
3599,715
3600,724
3601,725
3602,721
3603,712
3604,717
3605,731
3606,707
3607,723
3608,743
3609,728
3610,718
3611,715
3612,717
3613,725
3614,716
3615,729
3616,718
3617,715
3618,725
3619,715
3620,716
3621,809
3622,721
3623,696
3624,693
3625,697
3626,707
3627,701
3628,699
3629,711
3630,695
3631,700
3632,699
3633,706
3634,711
3635,703
3636,707
3637,718
3638,707
3639,703
3640,706
3641,703
3642,726
3643,705
3644,700
3645,703
3646,700
3647,704
3648,705
3649,705
3650,706
3651,700
3652,1614
3653,888
3654,873
3655,1040
3656,893
3657,747
3658,743
3659,750
3660,729
3661,726
3662,734
3663,829
3664,832
3665,733
3666,738
3667,732
3668,746
3669,750
3670,750
3671,742
3672,736
3673,738
3674,730
3675,743
3676,736
3677,736
3678,728
3679,731
3680,742
3681,730
3682,731
3683,736
3684,747
3685,827
3686,735
3687,728
3688,732
3689,749
3690,735
3691,731
3692,741
3693,820
3694,732
3695,734
3696,732
3697,755
3698,734
3699,731
3700,731
3701,755
3702,729
3703,742
3704,736
3705,734
3706,737
3707,728
3708,747
3709,728
3710,730
3711,729
3712,732
3713,748
3714,730
3715,735
3716,807
3717,731
3718,733
3719,736
3720,79013
3721,3301
3722,824
3723,777
3724,977
3725,742
3726,731
3727,759
3728,740
3729,824
3730,812
3731,931
3732,838
3733,864
3734,737
3735,743
3736,753
3737,738
3738,731
3739,737
3740,747
3741,731
3742,736
3743,735
3744,735
3745,748
3746,980
3747,735
3748,737
3749,747
3750,733
3751,751
3752,729
3753,752
3754,736
3755,817
3756,750
3757,744
3758,737
3759,736
3760,838
3761,734
3762,760
3763,750
3764,763
3765,729
3766,734
3767,737
3768,742
3769,738
3770,737
3771,730
3772,1743
3773,724
3774,730
3775,725
3776,718
3777,721
3778,923
3779,723
3780,750
3781,717
3782,721
3783,718
3784,715
3785,729
3786,729
3787,711
3788,728
3789,715
3790,715
3791,738
3792,715
3793,719
3794,718
3795,717
3796,748
3797,720
3798,715
3799,719
3800,719
3801,731
3802,717
3803,719
3804,717
3805,717
3806,723
3807,721
3808,712
3809,716
3810,710
3811,714
3812,713
3813,725
3814,709
3815,717
3816,724
3817,717
3818,720
3819,2873
3820,730
3821,714
3822,721
3823,720
3824,738
3825,716
3826,716
3827,722
3828,720
3829,751
3830,714
3831,721
3832,719
3833,719
3834,746
3835,717
3836,714
3837,720
3838,717
3839,728
3840,716
3841,718
3842,735
3843,710
3844,712
3845,738
3846,726
3847,718
3848,714
3849,712
3850,720
3851,718
3852,717
3853,720
3854,719
3855,813
3856,718
3857,718
3858,721
3859,728
3860,726
3861,718
3862,731
3863,723
3864,725
3865,724
3866,724
3867,718
3868,716
3869,716
3870,716
3871,726
3872,715
3873,714
3874,737
3875,712
3876,713
3877,711
3878,719
3879,745
3880,715
3881,715
3882,716
3883,712
3884,714
3885,731
3886,723
3887,718
3888,725
3889,727
3890,721
3891,718
3892,766
3893,797
3894,726
3895,726
3896,722
3897,720
3898,716
3899,718
3900,720
3901,736
3902,728
3903,723
3904,717
3905,717
3906,717
3907,718
3908,734
3909,720
3910,714
3911,718
3912,714
3913,713
3914,724
3915,716
3916,718
3917,720
3918,724
3919,837
3920,719
3921,719
3922,722
3923,715
3924,729
3925,725
3926,719
3927,718
3928,728
3929,721
3930,715
3931,796
3932,731
3933,724
3934,714
3935,715
3936,732
3937,739
3938,717
3939,719
3940,712
3941,714
3942,746
3943,715
3944,736
3945,735
3946,732
3947,719
3948,715
3949,716
3950,730
3951,719
3952,735
3953,722
3954,745
3955,733
3956,712
3957,718
3958,709
3959,716
3960,717
3961,713
3962,737
3963,711
3964,712
3965,711
3966,711
3967,740
3968,726
3969,714
3970,714
3971,714
3972,713
3973,740
3974,715
3975,711
3976,732
3977,731
3978,711
3979,735
3980,712
3981,710
3982,734
3983,713
3984,732
3985,713
3986,714
3987,720
3988,713
3989,725
3990,715
3991,712
3992,716
3993,719
3994,721
3995,754
3996,717
3997,716
3998,719
3999,711
4000,735
4001,711
4002,742
4003,716
4004,741
4005,726
4006,715
4007,718
4008,718
4009,721
4010,738
4011,716
4012,714
4013,713
4014,731
4015,716
4016,712
4017,720
4018,717
4019,724
4020,720
4021,717
4022,709
4023,718
4024,723
4025,730
4026,721
4027,717
4028,718
4029,732
4030,715
4031,716
4032,717
4033,714
4034,728
4035,718
4036,716
4037,755
4038,717
4039,717
4040,718
4041,715
4042,734
4043,719
4044,721
4045,722
4046,714
4047,715
4048,714
4049,785
4050,720
4051,719
4052,715
4053,719
4054,748
4055,769
4056,791
4057,715
4058,725
4059,710
4060,723
4061,712
4062,758
4063,809
4064,708
4065,712
4066,713
4067,755
4068,719
4069,735
4070,715
4071,720
4072,720
4073,718
4074,741
4075,716
4076,792
4077,721
4078,719
4079,745
4080,731
4081,719
4082,721
4083,717
4084,719
4085,713
4086,714
4087,715
4088,785
4089,715
4090,723
4091,711
4092,714
4093,713
4094,727
4095,715
4096,717
4097,716
4098,715
4099,721
4100,715
4101,731
4102,716
4103,737
4104,735
4105,722
4106,944
4107,823
4108,721
4109,704
4110,711
4111,693
4112,695
4113,723
4114,693
4115,697
4116,695
4117,695
4118,727
4119,700
4120,694
4121,700
4122,709
4123,697
4124,696
4125,703
4126,700
4127,715
4128,700
4129,698
4130,697
4131,700
4132,715
4133,711
4134,696
4135,694
4136,717
4137,699
4138,700
4139,697
4140,704
4141,697
4142,697
4143,699
4144,696
4145,709
4146,697
4147,696
4148,695
4149,697
4150,718
4151,698
4152,697
4153,715
4154,830
4155,694
4156,697
4157,697
4158,699
4159,701
4160,695
4161,700
4162,697
4163,697
4164,722
4165,692
4166,696
4167,698
4168,699
4169,700
4170,712
4171,694
4172,695
4173,705
4174,696
4175,695
4176,713
4177,700
4178,697
4179,695
4180,715
4181,708
4182,698
4183,699
4184,699
4185,699
4186,696
4187,702
4188,698
4189,719
4190,696
4191,699
4192,698
4193,699
4194,718
4195,697
4196,699
4197,712
4198,695
4199,699
4200,699
4201,709
4202,701
4203,694
4204,692
4205,696
4206,716
4207,739
4208,771
4209,707
4210,697
4211,704
4212,693
4213,693
4214,711
4215,712
4216,694
4217,695
4218,695
4219,705
4220,700
4221,710
4222,697
4223,697
4224,699
4225,701
4226,695
4227,695
4228,706
4229,701
4230,699
4231,695
4232,718
4233,709
4234,697
4235,700
4236,709
4237,699
4238,697
4239,696
4240,721
4241,705
4242,697
4243,709
4244,697
4245,708
4246,710
4247,704
4248,693
4249,698
4250,707
4251,696
4252,698
4253,697
4254,715
4255,698
4256,694
4257,705
4258,707
4259,706
4260,706
4261,702
4262,697
4263,695
4264,707
4265,691
4266,693
4267,701
4268,698
4269,689
4270,694
4271,713
4272,694
4273,693
4274,691
4275,700
4276,723
4277,695
4278,693
4279,719
4280,692
4281,691
4282,691
4283,717
4284,701
4285,696
4286,696
4287,715
4288,706
4289,695
4290,697
4291,699
4292,701
4293,695
4294,712
4295,694
4296,696
4297,692
4298,714
4299,694
4300,690
4301,696
4302,696
4303,692
4304,711
4305,711
4306,696
4307,695
4308,699
4309,694
4310,693
4311,697
4312,701
4313,694
4314,701
4315,698
4316,703
4317,698
4318,699
4319,696
4320,699
4321,697
4322,697
4323,720
4324,707
4325,696
4326,696
4327,719
4328,696
4329,694
4330,700
4331,701
4332,714
4333,710
4334,700
4335,692
4336,692
4337,693
4338,709
4339,698
4340,714
4341,695
4342,696
4343,698
4344,704
4345,722
4346,699
4347,702
4348,705
4349,1064
4350,699
4351,709
4352,700
4353,695
4354,700
4355,709
4356,696
4357,694
4358,701
4359,713
4360,700
4361,698
4362,710
4363,696
4364,694
4365,694
4366,696
4367,710
4368,697
4369,693
4370,706
4371,701
4372,703
4373,727
4374,702
4375,698
4376,704
4377,696
4378,714
4379,712
4380,704
4381,717
4382,699
4383,697
4384,694
4385,696
4386,700
4387,718
4388,696
4389,697
4390,703
4391,703
4392,701
4393,702
4394,697
4395,716
4396,693
4397,711
4398,694
4399,700
4400,696
4401,692
4402,708
4403,708
4404,701
4405,708
4406,698
4407,699
4408,696
4409,714
4410,698
4411,694
4412,698
4413,712
4414,695
4415,694
4416,700
4417,692
4418,709
4419,711
4420,691
4421,694
4422,694
4423,695
4424,692
4425,703
4426,690
4427,705
4428,693
4429,716
4430,695
4431,806
4432,691
4433,696
4434,694
4435,695
4436,704
4437,699
4438,692
4439,700
4440,706
4441,701
4442,694
4443,700
4444,698
4445,729
4446,701
4447,695
4448,696
4449,694
4450,712
4451,696
4452,693
4453,695
4454,694
4455,696
4456,691
4457,698
4458,721
4459,696
4460,696
4461,693
4462,694
4463,711
4464,695
4465,697
4466,691
4467,692
4468,725
4469,698
4470,710
4471,699
4472,698
4473,703
4474,714
4475,700
4476,707
4477,702
4478,698
4479,696
4480,695
4481,698
4482,696
4483,693
4484,720
4485,694
4486,697
4487,693
4488,693
4489,715
4490,706
4491,691
4492,694
4493,696
4494,705
4495,696
4496,696
4497,714
4498,694
4499,710
4500,699
4501,700
4502,697
4503,716
4504,701
4505,702
4506,713
4507,708
4508,698
4509,697
4510,700
4511,702
4512,696
4513,696
4514,700
4515,694
4516,691
4517,697
4518,712
4519,696
4520,695
4521,690
4522,694
4523,718
4524,695
4525,697
4526,706
4527,704
4528,6455
4529,887
4530,764
4531,779
4532,757
4533,748
4534,730
4535,730
4536,734
4537,744
4538,725
4539,731
4540,725
4541,724
4542,730
4543,727
4544,736
4545,742
4546,730
4547,722
4548,721
4549,733
4550,724
4551,725
4552,737
4553,730
4554,733
4555,725
4556,738
4557,719
4558,762
4559,721
4560,734
4561,1246
4562,788
4563,752
4564,754
4565,721
4566,721
4567,729
4568,723
4569,737
4570,722
4571,724
4572,732
4573,726
4574,742
4575,723
4576,721
4577,719
4578,727
4579,741
4580,728
4581,725
4582,725
4583,733
4584,717
4585,723
4586,716
4587,716
4588,718
4589,714
4590,732
4591,719
4592,728
4593,718
4594,719
4595,727
4596,723
4597,734
4598,719
4599,724
4600,714
4601,735
4602,721
4603,716
4604,716
4605,717
4606,719
4607,714
4608,720
4609,738
4610,713
4611,711
4612,714
4613,714
4614,737
4615,747
4616,717
4617,735
4618,732
4619,716
4620,713
4621,721
4622,715
4623,730
4624,718
4625,712
4626,715
4627,731
4628,720
4629,806
4630,716
4631,711
4632,719
4633,722
4634,743
4635,730
4636,720
4637,720
4638,723
4639,718
4640,717
4641,715
4642,733
4643,738
4644,736
4645,718
4646,715
4647,716
4648,731
4649,715
4650,720
4651,726
4652,714
4653,716
4654,718
4655,717
4656,721
4657,720
4658,714
4659,715
4660,715
4661,745
4662,719
4663,723
4664,733
4665,715
4666,724
4667,738
4668,732
4669,732
4670,716
4671,716
4672,716
4673,719
4674,718
4675,722
4676,724
4677,708
4678,712
4679,722
4680,722
4681,709
4682,717
4683,714
4684,710
4685,754
4686,734
4687,712
4688,719
4689,717
4690,732
4691,714
4692,718
4693,720
4694,714
4695,719
4696,716
4697,716
4698,720
4699,725
4700,718
4701,725
4702,720
4703,715
4704,717
4705,712
4706,714
4707,736
4708,714
4709,732
4710,731
4711,711
4712,717
4713,737
4714,731
4715,712
4716,725
4717,714
4718,715
4719,715
4720,729
4721,727
4722,757
4723,720
4724,744
4725,722
4726,719
4727,721
4728,715
4729,739
4730,737
4731,722
4732,713
4733,720
4734,717
4735,720
4736,732
4737,726
4738,715
4739,719
4740,714
4741,716
4742,716
4743,717
4744,754
4745,720
4746,719
4747,711
4748,725
4749,714
4750,719
4751,719
4752,737
4753,717
4754,712
4755,717
4756,721
4757,734
4758,718
4759,727
4760,710
4761,715
4762,712
4763,719
4764,727
4765,720
4766,731
4767,727
4768,711
4769,719
4770,708
4771,735
4772,738
4773,730
4774,710
4775,715
4776,737
4777,719
4778,712
4779,725
4780,712
4781,730
4782,719
4783,728
4784,734
4785,722
4786,721
4787,729
4788,719
4789,721
4790,730
4791,725
4792,723
4793,736
4794,715
4795,729
4796,716
4797,728
4798,730
4799,718
4800,711
4801,715
4802,720
4803,732
4804,730
4805,728
4806,717
4807,717
4808,734
4809,727
4810,718
4811,719
4812,719
4813,717
4814,717
4815,726
4816,723
4817,720
4818,722
4819,722
4820,722
4821,820
4822,732
4823,716
4824,717
4825,718
4826,717
4827,763
4828,754
4829,719
4830,716
4831,714
4832,735
4833,718
4834,724
4835,737
4836,723
4837,716
4838,714
4839,716
4840,727
4841,723
4842,718
4843,718
4844,716
4845,733
4846,714
4847,719
4848,712
4849,728
4850,719
4851,715
4852,718
4853,728
4854,743
4855,713
4856,718
4857,720
4858,719
4859,713
4860,716
4861,729
4862,712
4863,710
4864,714
4865,713
4866,719
4867,852
4868,719
4869,716
4870,719
4871,719
4872,715
4873,715
4874,719
4875,730
4876,717
4877,710
4878,734
4879,712
4880,723
4881,738
4882,735
4883,725
4884,721
4885,716
4886,711
4887,729
4888,719
4889,723
4890,716
4891,715
4892,716
4893,732
4894,722
4895,719
4896,748
4897,719
4898,718
4899,712
4900,713
4901,718
4902,750
4903,719
4904,717
4905,728
4906,721
4907,715
4908,725
4909,716
4910,715
4911,730
4912,714
4913,724
4914,716
4915,749
4916,720
4917,717
4918,714
4919,717
4920,735
4921,734
4922,718
4923,719
4924,718
4925,738
4926,720
4927,718
4928,712
4929,738
4930,716
4931,720
4932,715
4933,735
4934,718
4935,723
4936,715
4937,742
4938,732
4939,737
4940,724
4941,801
4942,722
4943,748
4944,717
4945,718
4946,737
4947,716
4948,716
4949,734
4950,741
4951,720
4952,716
4953,718
4954,713
4955,734
4956,716
4957,719
4958,720
4959,717
4960,719
4961,712
4962,717
4963,724
4964,716
4965,713
4966,735
4967,716
4968,740
4969,723
4970,744
4971,737
4972,730
4973,716
4974,724
4975,715
4976,741
4977,719
4978,719
4979,720
4980,721
4981,715
4982,731
4983,719
4984,742
4985,720
4986,732
4987,734
4988,707
4989,714
4990,723
4991,715
4992,718
4993,716
4994,720
4995,710
4996,723
4997,719
4998,711
4999,723
5000,719
5001,734
5002,741
5003,720
5004,726
5005,718
5006,722
5007,721
5008,717
5009,800
5010,716
5011,740
5012,716
5013,724
5014,721
5015,730
5016,936
5017,721
5018,728
5019,713
5020,715
5021,710
5022,713
5023,723
5024,710
5025,712
5026,727
5027,718
5028,729
5029,713
5030,717
5031,721
5032,720
5033,714
5034,711
5035,717
5036,728
5037,722
5038,728
5039,709
5040,723
5041,713
5042,728
5043,708
5044,725
5045,716
5046,710
5047,719
5048,723
5049,720
5050,726
5051,710
5052,714
5053,713
5054,720
5055,736
5056,715
5057,712
5058,715
5059,721
5060,723
5061,714
5062,736
5063,727
5064,716
5065,721
5066,715
5067,728
5068,806
5069,715
5070,738
5071,714
5072,715
5073,727
5074,710
5075,718
5076,715
5077,721
5078,708
5079,720
5080,725
5081,710
5082,712
5083,707
5084,733
5085,709
5086,711
5087,717
5088,720
5089,717
5090,720
5091,712
5092,717
5093,717
5094,715
5095,745
5096,736
5097,724
5098,717
5099,719
5100,714
5101,723
5102,714
5103,723
5104,722
5105,709
5106,713
5107,743
5108,716
5109,707
5110,730
5111,704
5112,721
5113,715
5114,718
5115,711
5116,712
5117,715
5118,717
5119,714
5120,708
5121,730
5122,720
5123,710
5124,707
5125,718
5126,733
5127,723
5128,705
5129,715
5130,717
5131,713
5132,787
5133,713
5134,730
5135,730
5136,714
5137,713
5138,701
5139,732
5140,708
5141,715
5142,716
5143,714
5144,715
5145,726
5146,711
5147,728
5148,712
5149,712
5150,723
5151,711
5152,711
5153,717
5154,716
5155,716
5156,723
5157,710
5158,724
5159,714
5160,717
5161,715
5162,712
5163,708
5164,716
5165,709
5166,710
5167,713
5168,714
5169,715
5170,714
5171,714
5172,708
5173,726
5174,727
5175,710
5176,724
5177,712
5178,713
5179,713
5180,712
5181,719
5182,742
5183,714
5184,714
5185,715
5186,711
5187,721
5188,714
5189,727
5190,716
5191,719
5192,713
5193,716
5194,714
5195,708
5196,717
5197,718
5198,719
5199,705
5200,716
5201,727
5202,720
5203,722
5204,709
5205,713
5206,731
5207,705
5208,720
5209,738
5210,714
5211,714
5212,722
5213,713
5214,711
5215,722
5216,706
5217,713
5218,713
5219,731
5220,709
5221,730
5222,715
5223,729
5224,708
5225,708
5226,715
5227,707
5228,710
5229,710
5230,710
5231,709
5232,711
5233,734
5234,718
5235,731
5236,719
5237,713
5238,714
5239,711
5240,715
5241,731
5242,722
5243,711
5244,716
5245,728
5246,714
5247,721
5248,714
5249,719
5250,717
5251,711
5252,719
5253,723
5254,719
5255,708
5256,726
5257,711
5258,716
5259,721
5260,716
5261,721
5262,706
5263,706
5264,719
5265,710
5266,709
5267,713
5268,711
5269,708
5270,712
5271,715
5272,718
5273,714
5274,708
5275,710
5276,732
5277,714
5278,721
5279,711
5280,719
5281,721
5282,716
5283,732
5284,715
5285,734
5286,721
5287,713
5288,713
5289,725
5290,711
5291,708
5292,713
5293,721
5294,714
5295,715
5296,719
5297,733
5298,713
5299,713
5300,715
5301,709
5302,726
5303,715
5304,727
5305,709
5306,713
5307,714
5308,723
5309,733
5310,711
5311,720
5312,713
5313,731
5314,713
5315,715
5316,718
5317,742
5318,718
5319,715
5320,713
5321,712
5322,711
5323,723
5324,714
5325,714
5326,721
5327,711
5328,713
5329,724
5330,709
5331,722
5332,711
5333,712
5334,732
5335,710
5336,716
5337,712
5338,728
5339,712
5340,740
5341,723
5342,723
5343,709
5344,717
5345,710
5346,719
5347,709
5348,716
5349,718
5350,742
5351,713
5352,729
5353,719
5354,727
5355,743
5356,713
5357,714
5358,716
5359,709
5360,751
5361,705
5362,727
5363,712
5364,711
5365,712
5366,720
5367,715
5368,741
5369,709
5370,731
5371,719
5372,757
5373,729
5374,724
5375,717
5376,728
5377,708
5378,723
5379,720
5380,714
5381,722
5382,709
5383,738
5384,717
5385,714
5386,707
5387,707
5388,718
5389,718
5390,712
5391,729
5392,725
5393,711
5394,718
5395,707
5396,713
5397,721
5398,717
5399,706
5400,712
5401,719
5402,725
5403,716
5404,721
5405,734
5406,711
5407,757
5408,794
5409,723
5410,712
5411,709
5412,722
5413,712
5414,720
5415,712
5416,726
5417,714
5418,733
5419,715
5420,716
5421,708
5422,719
5423,726
5424,709
5425,725
5426,722
5427,721
5428,728
5429,725
5430,717
5431,710
5432,717
5433,723
5434,733
5435,715
5436,728
5437,713
5438,717
5439,718
5440,714
5441,719
5442,727
5443,711
5444,738
5445,736
5446,709
5447,717
5448,716
5449,711
5450,712
5451,717
5452,712
5453,723
5454,716
5455,729
5456,709
5457,710
5458,714
5459,713
5460,724
5461,710
5462,716
5463,718
5464,712
5465,721
5466,722
5467,712
5468,722
5469,715
5470,715
5471,930
5472,715
5473,719
5474,729
5475,716
5476,718
5477,717
5478,726
5479,719
5480,738
5481,711
5482,722
5483,715
5484,715
5485,712
5486,721
5487,714
5488,712
5489,724
5490,732
5491,714
5492,724
5493,720
5494,725
5495,713
5496,723
5497,722
5498,713
5499,716
5500,723
5501,715
5502,746
5503,714
5504,715
5505,710
5506,705
5507,714
5508,790
5509,725
5510,723
5511,714
5512,709
5513,710
5514,723
5515,722
5516,715
5517,716
5518,721
5519,704
5520,729
5521,711
5522,716
5523,714
5524,718
5525,736
5526,705
5527,717
5528,736
5529,723
5530,719
5531,729
5532,724
5533,722
5534,709
5535,710
5536,710
5537,730
5538,709
5539,706
5540,705
5541,738
5542,728
5543,703
5544,737
5545,740
5546,715
5547,716
5548,727
5549,721
5550,715
5551,719
5552,716
5553,714
5554,734
5555,715
5556,727
5557,715
5558,740
5559,726
5560,715
5561,717
5562,715
5563,727
5564,728
5565,706
5566,730
5567,725
5568,724
5569,720
5570,729
5571,710
5572,735
5573,710
5574,713
5575,717
5576,708
5577,735
5578,734
5579,732
5580,721
5581,722
5582,707
5583,733
5584,726
5585,717
5586,714
5587,726
5588,727
5589,731
5590,714
5591,717
5592,716
5593,714
5594,714
5595,731
5596,712
5597,719
5598,871
5599,710
5600,713
5601,715
5602,725
5603,711
5604,712
5605,705
5606,717
5607,736
5608,718
5609,717
5610,728
5611,713
5612,714
5613,717
5614,718
5615,714
5616,717
5617,715
5618,727
5619,707
5620,722
5621,714
5622,712
5623,739
5624,739
5625,718
5626,729
5627,710
5628,712
5629,716
5630,715
5631,705
5632,703
5633,727
5634,708
5635,710
5636,708
5637,709
5638,710
5639,728
5640,709
5641,721
5642,723
5643,708
5644,706
5645,710
5646,728
5647,712
5648,721
5649,709
5650,715
5651,714
5652,714
5653,726
5654,710
5655,712
5656,738
5657,713
5658,725
5659,714
5660,725
5661,714
5662,715
5663,725
5664,746
5665,717
5666,709
5667,729
5668,724
5669,711
5670,718
5671,713
5672,733
5673,712
5674,717
5675,730
5676,714
5677,732
5678,732
5679,715
5680,714
5681,714
5682,715
5683,734
5684,715
5685,715
5686,730
5687,713
5688,713
5689,716
5690,736
5691,717
5692,736
5693,726
5694,723
5695,724
5696,705
5697,707
5698,703
5699,754
5700,713
5701,707
5702,708
5703,717
5704,714
5705,710
5706,707
5707,713
5708,704
5709,728
5710,713
5711,722
5712,725
5713,716
5714,711
5715,748
5716,711
5717,740
5718,705
5719,704
5720,716
5721,711
5722,738
5723,713
5724,702
5725,716
5726,707
5727,716
5728,704
5729,714
5730,700
5731,722
5732,728
5733,706
5734,708
5735,710
5736,718
5737,710
5738,709
5739,718
5740,707
5741,709
5742,730
5743,711
5744,712
5745,713
5746,732
5747,716
5748,721
5749,727
5750,712
5751,708
5752,713
5753,711
5754,716
5755,726
5756,711
5757,709
5758,713
5759,715
5760,704
5761,708
5762,709
5763,712
5764,714
5765,796
5766,711
5767,710
5768,719
5769,708
5770,722
5771,710
5772,711
5773,711
5774,728
5775,716
5776,725
5777,714
5778,731
5779,720
5780,714
5781,725
5782,734
5783,722
5784,717
5785,741
5786,712
5787,718
5788,708
5789,714
5790,729
5791,719
5792,716
5793,712
5794,707
5795,711
5796,716
5797,712
5798,713
5799,718
5800,739
5801,730
5802,710
5803,726
5804,709
5805,779
5806,714
5807,712
5808,730
5809,713
5810,711
5811,713
5812,712
5813,720
5814,711
5815,732
5816,748
5817,709
5818,711
5819,718
5820,725
5821,707
5822,707
5823,738
5824,711
5825,723
5826,710
5827,710
5828,719
5829,713
5830,707
5831,715
5832,725
5833,711
5834,707
5835,731
5836,729
5837,708
5838,725
5839,714
5840,711
5841,731
5842,710
5843,727
5844,725
5845,713
5846,714
5847,719
5848,717
5849,734
5850,736
5851,734
5852,709
5853,713
5854,714
5855,712
5856,707
5857,712
5858,711
5859,744
5860,707
5861,719
5862,723
5863,708
5864,725
5865,713
5866,722
5867,729
5868,725
5869,727
5870,709
5871,714
5872,724
5873,718
5874,710
5875,729
5876,714
5877,716
5878,710
5879,725
5880,709
5881,720
5882,729
5883,737
5884,716
5885,708
5886,710
5887,702
5888,722
5889,729
5890,713
5891,736
5892,739
5893,713
5894,729
5895,715
5896,711
5897,713
5898,718
5899,714
5900,716
5901,712
5902,714
5903,713
5904,725
5905,712
5906,724
5907,714
5908,719
5909,708
5910,736
5911,711
5912,713
5913,713
5914,725
5915,724
5916,716
5917,721
5918,726
5919,714
5920,736
5921,716
5922,711
5923,712
5924,735
5925,718
5926,957
5927,737
5928,718
5929,707
5930,711
5931,709
5932,709
5933,730
5934,711
5935,716
5936,716
5937,707
5938,738
5939,729
5940,714
5941,714
5942,721
5943,713
5944,747
5945,711
5946,720
5947,740
5948,723
5949,718
5950,713
5951,716
5952,722
5953,711
5954,716
5955,730
5956,726
5957,718
5958,718
5959,714
5960,730
5961,716
5962,712
5963,717
5964,737
5965,716
5966,728
5967,716
5968,719
5969,707
5970,729
5971,731
5972,740
5973,708
5974,718
5975,734
5976,704
5977,711
5978,705
5979,722
5980,709
5981,707
5982,709
5983,718
5984,712
5985,719
5986,719
5987,713
5988,805
5989,709
5990,729
5991,728
5992,709
5993,707
5994,709
5995,741
5996,712
5997,790
5998,709
5999,711
6000,729
6001,707
6002,724
6003,727
6004,721
6005,709
6006,723
6007,710
6008,710
6009,710
6010,709
6011,714
6012,713
6013,743
6014,719
6015,703
6016,714
6017,711
6018,709
6019,713
6020,705
6021,731
6022,720
6023,714
6024,719
6025,713
6026,715
6027,710
6028,711
6029,722
6030,706
6031,712
6032,703
6033,706
6034,711
6035,708
6036,706
6037,710
6038,709
6039,721
6040,722
6041,708
6042,709
6043,717
6044,709
6045,732
6046,710
6047,706
6048,713
6049,741
6050,705
6051,705
6052,708
6053,714
6054,733
6055,709
6056,728
6057,706
6058,708
6059,705
6060,709
6061,733
6062,726
6063,707
6064,706
6065,706
6066,706
6067,720
6068,728
6069,707
6070,713
6071,721
6072,710
6073,716
6074,725
6075,707
6076,723
6077,706
6078,710
6079,707
6080,709
6081,709
6082,711
6083,705
6084,727
6085,715
6086,711
6087,707
6088,712
6089,721
6090,706
6091,705
6092,734
6093,722
6094,705
6095,709
6096,717
6097,702
6098,713
6099,711
6100,704
6101,770
6102,795
6103,708
6104,708
6105,708
6106,709
6107,715
6108,707
6109,728
6110,722
6111,712
6112,714
6113,713
6114,728
6115,716
6116,709
6117,709
6118,721
6119,722
6120,704
6121,707
6122,721
6123,716
6124,708
6125,720
6126,711
6127,722
6128,708
6129,707
6130,710
6131,724
6132,710
6133,707
6134,710
6135,728
6136,728
6137,717
6138,714
6139,707
6140,729
6141,714
6142,709
6143,710
6144,733
6145,712
6146,715
6147,726
6148,707
6149,708
6150,708
6151,709
6152,737
6153,708
6154,706
6155,718
6156,710
6157,707
6158,711
6159,728
6160,710
6161,705
6162,712
6163,719
6164,712
6165,728
6166,711
6167,718
6168,708
6169,725
6170,708
6171,709
6172,709
6173,727
6174,711
6175,710
6176,719
6177,725
6178,728
6179,711
6180,717
6181,728
6182,714
6183,715
6184,716
6185,735
6186,709
6187,707
6188,709
6189,709
6190,739
6191,710
6192,714
6193,712
6194,705
6195,729
6196,707
6197,710
6198,711
6199,718
6200,737
6201,712
6202,714
6203,710
6204,727
6205,722
6206,720
6207,729
6208,725
6209,707
6210,711
6211,715
6212,726
6213,709
6214,728
6215,719
6216,708
6217,724
6218,710
6219,8822
6220,861
6221,774
6222,760
6223,761
6224,767
6225,728
6226,728
6227,731
6228,729
6229,748
6230,731
6231,724
6232,730
6233,733
6234,752
6235,727
6236,730
6237,746
6238,722
6239,738
6240,720
6241,735
6242,734
6243,720
6244,726
6245,719
6246,750
6247,723
6248,725
6249,733
6250,729
6251,730
6252,741
6253,725
6254,735
6255,725
6256,750
6257,725
6258,726
6259,720
6260,720
6261,746
6262,721
6263,723
6264,718
6265,720
6266,748
6267,714
6268,733
6269,721
6270,723
6271,719
6272,716
6273,736
6274,733
6275,714
6276,715
6277,707
6278,714
6279,711
6280,721
6281,716
6282,729
6283,712
6284,709
6285,713
6286,713
6287,716
6288,717
6289,726
6290,731
6291,716
6292,719
6293,716
6294,723
6295,714
6296,716
6297,719
6298,713
6299,732
6300,721
6301,722
6302,717
6303,708
6304,729
6305,713
6306,714
6307,711
6308,709
6309,739
6310,710
6311,719
6312,714
6313,709
6314,716
6315,723
6316,715
6317,715
6318,744
6319,708
6320,714
6321,710
6322,712
6323,731
6324,710
6325,713
6326,717
6327,712
6328,736
6329,726
6330,717
6331,726
6332,714
6333,716
6334,717
6335,713
6336,745
6337,712
6338,714
6339,718
6340,713
6341,721
6342,721
6343,722
6344,717
6345,737
6346,714
6347,709
6348,715
6349,711
6350,759
6351,730
6352,712
6353,740
6354,736
6355,748
6356,715
6357,715
6358,735
6359,714
6360,716
6361,713
6362,726
6363,714
6364,721
6365,735
6366,713
6367,716
6368,717
6369,701
6370,718
6371,720
6372,710
6373,709
6374,716
6375,704
6376,733
6377,713
6378,714
6379,723
6380,711
6381,984
6382,718
6383,732
6384,713
6385,697
6386,704
6387,711
6388,721
6389,698
6390,708
6391,704
6392,696
6393,711
6394,716
6395,691
6396,699
6397,718
6398,710
6399,700
6400,696
6401,701
6402,730
6403,706
6404,698
6405,698
6406,697
6407,700
6408,712
6409,703
6410,701
6411,704
6412,739
6413,709
6414,704
6415,709
6416,702
6417,699
6418,705
6419,714
6420,703
6421,695
6422,724
6423,700
6424,699
6425,697
6426,708
6427,699
6428,697
6429,695
6430,695
6431,712
6432,700
6433,710
6434,704
6435,720
6436,701
6437,700
6438,701
6439,703
6440,710
6441,704
6442,703
6443,699
6444,698
6445,713
6446,726
6447,709
6448,706
6449,702
6450,714
6451,705
6452,697
6453,694
6454,719
6455,699
6456,715
6457,700
6458,695
6459,709
6460,708
6461,701
6462,698
6463,694
6464,717
6465,704
6466,702
6467,707
6468,702
6469,713
6470,711
6471,705
6472,703
6473,700
6474,726
6475,704
6476,704
6477,702
6478,728
6479,704
6480,702
6481,699
6482,696
6483,698
6484,728
6485,695
6486,696
6487,696
6488,700
6489,706
6490,704
6491,697
6492,704
6493,710
6494,701
6495,697
6496,699
6497,709
6498,699
6499,719
6500,704
6501,714
6502,706
6503,702
6504,725
6505,702
6506,701
6507,701
6508,713
6509,704
6510,718
6511,709
6512,698
6513,707
6514,698
6515,712
6516,692
6517,722
6518,725
6519,699
6520,700
6521,699
6522,702
6523,695
6524,700
6525,720
6526,713
6527,728
6528,699
6529,708
6530,721
6531,701
6532,699
6533,704
6534,713
6535,697
6536,709
6537,709
6538,702
6539,699
6540,698
6541,702
6542,699
6543,698
6544,709
6545,696
6546,699
6547,697
6548,696
6549,702
6550,701
6551,696
6552,696
6553,707
6554,706
6555,697
6556,700
6557,711
6558,698
6559,698
6560,703
6561,708
6562,703
6563,703
6564,697
6565,698
6566,706
6567,715
6568,699
6569,702
6570,705
6571,725
6572,716
6573,699
6574,705
6575,701
6576,705
6577,701
6578,701
6579,710
6580,695
6581,697
6582,700
6583,737
6584,693
6585,701
6586,718
6587,702
6588,697
6589,697
6590,723
6591,698
6592,692
6593,703
6594,705
6595,714
6596,702
6597,706
6598,733
6599,703
6600,702
6601,701
6602,716
6603,704
6604,708
6605,700
6606,699
6607,699
6608,713
6609,701
6610,695
6611,697
6612,703
6613,701
6614,729
6615,700
6616,699
6617,699
6618,703
6619,710
6620,705
6621,697
6622,700
6623,724
6624,706
6625,704
6626,721
6627,708
6628,707
6629,714
6630,721
6631,717
6632,704
6633,705
6634,700
6635,705
6636,703
6637,703
6638,702
6639,713
6640,700
6641,710
6642,712
6643,701
6644,707
6645,715
6646,705
6647,692
6648,703
6649,698
6650,707
6651,705
6652,706
6653,718
6654,701
6655,706
6656,706
6657,703
6658,709
6659,705
6660,702
6661,700
6662,709
6663,705
6664,710
6665,706
6666,703
6667,699
6668,716
6669,702
6670,699
6671,701
6672,715
6673,702
6674,708
6675,708
6676,710
6677,698
6678,695
6679,713
6680,703
6681,703
6682,722
6683,697
6684,700
6685,707
6686,705
6687,711
6688,707
6689,707
6690,699
6691,703
6692,696
6693,698
6694,703
6695,704
6696,698
6697,731
6698,709
6699,704
6700,699
6701,701
6702,711
6703,699
6704,701
6705,703
6706,709
6707,699
6708,695
6709,708
6710,699
6711,717
6712,694
6713,715
6714,701
6715,700
6716,700
6717,701
6718,714
6719,702
6720,703
6721,701
6722,701
6723,704
6724,704
6725,699
6726,709
6727,698
6728,705
6729,702
6730,701
6731,708
6732,714
6733,700
6734,706
6735,701
6736,701
6737,701
6738,705
6739,698
6740,711
6741,768
6742,699
6743,702
6744,696
6745,711
6746,694
6747,696
6748,712
6749,699
6750,699
6751,696
6752,722
6753,721
6754,709
6755,698
6756,721
6757,694
6758,708
6759,699
6760,709
6761,705
6762,710
6763,695
6764,699
6765,705
6766,709
6767,717
6768,701
6769,713
6770,726
6771,700
6772,715
6773,697
6774,698
6775,698
6776,696
6777,701
6778,701
6779,702
6780,702
6781,721
6782,697
6783,718
6784,740
6785,701
6786,703
6787,704
6788,721
6789,715
6790,706
6791,717
6792,701
6793,703
6794,700
6795,701
6796,749
6797,703
6798,702
6799,704
6800,697
6801,699
6802,703
6803,699
6804,710
6805,703
6806,707
6807,707
6808,697
6809,699
6810,708
6811,695
6812,729
6813,722
6814,709
6815,712
6816,704
6817,731
6818,698
6819,736
6820,702
6821,704
6822,718
6823,698
6824,710
6825,703
6826,705
6827,715
6828,697
6829,698
6830,698
6831,695
6832,713
6833,699
6834,710
6835,697
6836,917
6837,731
6838,741
6839,710
6840,707
6841,708
6842,732
6843,707
6844,700
6845,706
6846,703
6847,702
6848,729
6849,730
6850,700
6851,720
6852,703
6853,703
6854,704
6855,713
6856,698
6857,698
6858,704
6859,703
6860,727
6861,711
6862,707
6863,699
6864,701
6865,700
6866,714
6867,704
6868,699
6869,702
6870,719
6871,698
6872,709
6873,703
6874,705
6875,709
6876,704
6877,705
6878,709
6879,727
6880,703
6881,705
6882,708
6883,724
6884,701
6885,722
6886,699
6887,720
6888,698
6889,701
6890,702
6891,711
6892,700
6893,714
6894,699
6895,701
6896,699
6897,728
6898,705
6899,704
6900,717
6901,702
6902,704
6903,705
6904,712
6905,719
6906,701
6907,703
6908,701
6909,700
6910,719
6911,704
6912,701
6913,702
6914,698
6915,715
6916,702
6917,701
6918,702
6919,718
6920,704
6921,705
6922,705
6923,726
6924,702
6925,705
6926,720
6927,701
6928,706
6929,713
6930,710
6931,701
6932,701
6933,701
6934,700
6935,699
6936,707
6937,703
6938,727
6939,702
6940,708
6941,701
6942,718
6943,704
6944,706
6945,705
6946,701
6947,708
6948,702
6949,707
6950,703
6951,701
6952,709
6953,701
6954,699
6955,697
6956,735
6957,702
6958,721
6959,699
6960,702
6961,703
6962,705
6963,725
6964,704
6965,699
6966,698
6967,702
6968,721
6969,707
6970,704
6971,704
6972,701
6973,715
6974,703
6975,696
6976,707
6977,701
6978,708
6979,710
6980,701
6981,698
6982,695
6983,733
6984,713
6985,699
6986,699
6987,702
6988,698
6989,697
6990,727
6991,709
6992,702
6993,693
6994,700
6995,712
6996,701
6997,701
6998,701
6999,719
7000,695
7001,710
7002,701
7003,703
7004,698
7005,726
7006,703
7007,706
7008,704
7009,702
7010,709
7011,700
7012,715
7013,695
7014,703
7015,701
7016,700
7017,709
7018,696
7019,695
7020,701
7021,701
7022,704
7023,702
7024,720
7025,695
7026,717
7027,704
7028,718
7029,717
7030,713
7031,703
7032,697
7033,704
7034,716
7035,701
7036,712
7037,716
7038,701
7039,704
7040,701
7041,703
7042,702
7043,728
7044,700
7045,699
7046,695
7047,697
7048,701
7049,706
7050,701
7051,716
7052,705
7053,714
7054,697
7055,704
7056,702
7057,699
7058,701
7059,703
7060,693
7061,707
7062,706
7063,714
7064,697
7065,698
7066,707
7067,704
7068,705
7069,698
7070,707
7071,703
7072,702
7073,698
7074,721
7075,700
7076,704
7077,698
7078,697
7079,701
7080,728
7081,698
7082,701
7083,699
7084,695
7085,725
7086,695
7087,695
7088,704
7089,700
7090,695
7091,696
7092,700
7093,711
7094,704
7095,703
7096,705
7097,697
7098,717
7099,696
7100,704
7101,710
7102,703
7103,709
7104,703
7105,704
7106,705
7107,704
7108,696
7109,708
7110,701
7111,722
7112,702
7113,695
7114,692
7115,697
7116,713
7117,701
7118,697
7119,707
7120,698
7121,711
7122,699
7123,703
7124,704
7125,699
7126,698
7127,701
7128,697
7129,711
7130,705
7131,705
7132,716
7133,701
7134,703
7135,716
7136,702
7137,703
7138,699
7139,696
7140,698
7141,704
7142,722
7143,713
7144,704
7145,697
7146,694
7147,699
7148,707
7149,701
7150,709
7151,700
7152,701
7153,698
7154,702
7155,715
7156,705
7157,721
7158,703
7159,715
7160,697
7161,699
7162,702
7163,700
7164,716
7165,700
7166,717
7167,699
7168,699
7169,700
7170,702
7171,703
7172,704
7173,703
7174,705
7175,700
7176,729
7177,700
7178,700
7179,700
7180,703
7181,727
7182,712
7183,722
7184,695
7185,696
7186,714
7187,709
7188,702
7189,708
7190,702
7191,710
7192,718
7193,702
7194,701
7195,703
7196,701
7197,717
7198,701
7199,711
7200,700
7201,700
7202,698
7203,708
7204,699
7205,697
7206,700
7207,698
7208,710
7209,699
7210,703
7211,695
7212,695
7213,688
7214,705
7215,697
7216,693
7217,695
7218,695
7219,700
7220,697
7221,695
7222,700
7223,711
7224,702
7225,705
7226,701
7227,716
7228,717
7229,701
7230,707
7231,704
7232,718
7233,698
7234,699
7235,694
7236,720
7237,694
7238,696
7239,697
7240,701
7241,707
7242,698
7243,696
7244,697
7245,718
7246,694
7247,695
7248,696
7249,695
7250,696
7251,699
7252,693
7253,697
7254,696
7255,698
7256,696
7257,693
7258,697
7259,708
7260,713
7261,723
7262,2761
7263,711
7264,716
7265,729
7266,712
7267,710
7268,713
7269,715
7270,712
7271,723
7272,722
7273,713
7274,717
7275,710
7276,731
7277,712
7278,715
7279,714
7280,731
7281,716
7282,711
7283,714
7284,717
7285,738
7286,729
7287,712
7288,716
7289,4663
7290,695
7291,916
7292,742
7293,718
7294,717
7295,709
7296,719
7297,710
7298,709
7299,713
7300,714
7301,711
7302,709
7303,716
7304,713
7305,710
7306,709
7307,733
7308,707
7309,716
7310,720
7311,714
7312,715
7313,707
7314,715
7315,740
7316,738
7317,727
7318,712
7319,728
7320,717
7321,704
7322,712
7323,706
7324,727
7325,708
7326,704
7327,702
7328,726
7329,705
7330,707
7331,15131
7332,822
7333,802
7334,743
7335,731
7336,758
7337,755
7338,743
7339,733
7340,731
7341,735
7342,731
7343,749
7344,733
7345,736
7346,729
7347,756
7348,737
7349,757
7350,738
7351,737
7352,753
7353,733
7354,731
7355,732
7356,734
7357,746
7358,736
7359,730
7360,734
7361,732
7362,733
7363,742
7364,739
7365,737
7366,733
7367,730
7368,743
7369,734
7370,741
7371,735
7372,749
7373,734
7374,746
7375,732
7376,739
7377,735
7378,738
7379,729
7380,736
7381,761
7382,731
7383,733
7384,726
7385,734
7386,736
7387,735
7388,4027
7389,717
7390,720
7391,725
7392,709
7393,717
7394,713
7395,713
7396,715
7397,711
7398,718
7399,713
7400,739
7401,716
7402,714
7403,716
7404,716
7405,727
7406,718
7407,711
7408,718
7409,717
7410,726
7411,720
7412,718
7413,717
7414,711
7415,712
7416,711
7417,714
7418,743
7419,712
7420,710
7421,713
7422,713
7423,745
7424,735
7425,713
7426,716
7427,711
7428,713
7429,718
7430,728
7431,710
7432,710
7433,713
7434,718
7435,709
7436,723
7437,723
7438,731
7439,3065
7440,742
7441,733
7442,730
7443,727
7444,728
7445,739
7446,733
7447,730
7448,739
7449,726
7450,721
7451,731
7452,736
7453,726
7454,739
7455,731
7456,734
7457,734
7458,724
7459,730
7460,728
7461,734
7462,729
7463,732
7464,725
7465,727
7466,55763
7467,857
7468,794
7469,775
7470,743
7471,739
7472,734
7473,732
7474,732
7475,750
7476,735
7477,734
7478,730
7479,738
7480,726
7481,728
7482,733
7483,774
7484,733
7485,746
7486,743
7487,740
7488,759
7489,726
7490,775
7491,734
7492,731
7493,744
7494,737
7495,734
7496,735
7497,740
7498,728
7499,730
7500,734
7501,730
7502,750
7503,754
7504,732
7505,739
7506,739
7507,751
7508,743
7509,737
7510,735
7511,731
7512,729
7513,740
7514,732
7515,732
7516,732
7517,742
7518,734
7519,732
7520,745
7521,731
7522,732
7523,748
7524,752
7525,730
7526,726
7527,746
7528,729
7529,733
7530,734
7531,752
7532,736
7533,729
7534,727
7535,730
7536,758
7537,738
7538,732
7539,727
7540,733
7541,742
7542,738
7543,734
7544,748
7545,732
7546,728
7547,730
7548,731
7549,744
7550,732
7551,731
7552,733
7553,737
7554,735
7555,734
7556,730
7557,735
7558,751
7559,730
7560,749
7561,735
7562,733
7563,730
7564,748
7565,730
7566,738
7567,732
7568,739
7569,731
7570,738
7571,733
7572,735
7573,732
7574,760
7575,728
7576,733
7577,3954
7578,711
7579,728
7580,708
7581,710
7582,715
7583,712
7584,727
7585,712
7586,724
7587,713
7588,717
7589,715
7590,715
7591,713
7592,720
7593,712
7594,716
7595,743
7596,720
7597,716
7598,725
7599,716
7600,735
7601,714
7602,719
7603,735
7604,721
7605,710
7606,739
7607,715
7608,717
7609,716
7610,715
7611,721
7612,718
7613,717
7614,717
7615,714
7616,731
7617,714
7618,715
7619,715
7620,713
7621,726
7622,716
7623,721
7624,712
7625,728
7626,714
7627,717
7628,718
7629,714
7630,728
7631,725
7632,711
7633,716
7634,715
7635,716
7636,717
7637,710
7638,715
7639,737
7640,718
7641,716
7642,717
7643,711
7644,713
7645,714
7646,714
7647,716
7648,724
7649,712
7650,716
7651,718
7652,725
7653,719
7654,717
7655,736
7656,711
7657,717
7658,718
7659,717
7660,728
7661,720
7662,717
7663,722
7664,713
7665,719
7666,715
7667,720
7668,730
7669,711
7670,722
7671,719
7672,710
7673,714
7674,716
7675,725
7676,719
7677,741
7678,716
7679,713
7680,717
7681,734
7682,728
7683,731
7684,718
7685,722
7686,728
7687,716
7688,714
7689,740
7690,719
7691,732
7692,733
7693,737
7694,754
7695,733
7696,724
7697,738
7698,729
7699,733
7700,732
7701,734
7702,743
7703,728
7704,731
7705,729
7706,729
7707,755
7708,731
7709,733
7710,735
7711,729
7712,754
7713,729
7714,733
7715,731
7716,731
7717,6273
7718,890
7719,778
7720,774
7721,762
7722,731
7723,728
7724,724
7725,763
7726,753
7727,744
7728,746
7729,732
7730,728
7731,734
7732,750
7733,730
7734,730
7735,728
7736,727
7737,741
7738,726
7739,723
7740,727
7741,729
7742,725
7743,752
7744,726
7745,949
7746,729
7747,764
7748,750
7749,722
7750,728
7751,730
7752,740
7753,731
7754,727
7755,729
7756,754
7757,742
7758,734
7759,730
7760,733
7761,3999
7762,743
7763,713
7764,708
7765,718
7766,715
7767,714
7768,725
7769,727
7770,731
7771,712
7772,711
7773,708
7774,711
7775,715
7776,724
7777,714
7778,719
7779,712
7780,740
7781,713
7782,716
7783,706
7784,735
7785,713
7786,725
7787,720
7788,2877
7789,736
7790,729
7791,734
7792,730
7793,725
7794,728
7795,726
7796,727
7797,726
7798,731
7799,734
7800,728
7801,726
7802,724
7803,731
7804,748
7805,729
7806,732
7807,729
7808,727
7809,745
7810,729
7811,728
7812,730
7813,755
7814,727
7815,740
7816,746
7817,726
7818,729
7819,729
7820,728
7821,726
7822,726
7823,737
7824,720
7825,726
7826,725
7827,726
7828,735
7829,725
7830,722
7831,729
7832,722
7833,731
7834,722
7835,729
7836,722
7837,724
7838,725
7839,726
7840,726
7841,727
7842,736
7843,730
7844,722
7845,729
7846,727
7847,745
7848,726
7849,728
7850,729
7851,759
7852,723
7853,724
7854,727
7855,725
7856,733
7857,728
7858,726
7859,727
7860,736
7861,725
7862,722
7863,2601
7864,1500
7865,711
7866,713
7867,711
7868,709
7869,728
7870,710
7871,712
7872,709
7873,709
7874,720
7875,722
7876,709
7877,710
7878,709
7879,759
7880,728
7881,2639
7882,725
7883,8563
7884,721
7885,725
7886,721
7887,756
7888,739
7889,724
7890,726
7891,731
7892,728
7893,740
7894,729
7895,727
7896,741
7897,723
7898,728
7899,727
7900,756
7901,729
7902,724
7903,728
7904,750
7905,732
7906,736
7907,728
7908,733
7909,724
7910,725
7911,752
7912,726
7913,727
7914,723
7915,737
7916,729
7917,719
7918,726
7919,721
7920,737
7921,732
7922,734
7923,723
7924,722
7925,736
7926,722
7927,54708
7928,53708
7929,1143
7930,770
7931,747
7932,758
7933,769
7934,759
7935,733
7936,728
7937,724
7938,731
7939,1356
7940,836
7941,782
7942,736
7943,773
7944,732
7945,732
7946,731
7947,728
7948,734
7949,729
7950,726
7951,733
7952,730
7953,764
7954,722
7955,726
7956,728
7957,737
7958,723
7959,724
7960,729
7961,738
7962,744
7963,733
7964,729
7965,731
7966,747
7967,730
7968,733
7969,726
7970,738
7971,736
7972,741
7973,737
7974,735
7975,728
7976,730
7977,729
7978,728
7979,732
7980,761
7981,755
7982,728
7983,122176
7984,867
7985,770
7986,777
7987,745
7988,729
7989,724
7990,726
7991,747
7992,723
7993,734
7994,733
7995,717
7996,735
7997,730
7998,719
7999,724
8000,755
8001,715
8002,717
8003,724
8004,746
8005,731
8006,721
8007,710
8008,717
8009,714
8010,735
8011,732
8012,722
8013,741
8014,719
8015,723
8016,731
8017,717
8018,716
8019,712
8020,716
8021,742
8022,712
8023,736
8024,739
8025,2827
8026,1429
8027,707
8028,701
8029,700
8030,716
8031,698
8032,703
8033,700
8034,704
8035,717
8036,704
8037,699
8038,717
8039,699
8040,700
8041,719
8042,702
8043,705
8044,718
8045,709
8046,705
8047,720
8048,700
8049,716
8050,701
8051,715
8052,713
8053,699
8054,696
8055,697
8056,711
8057,708
8058,708
8059,701
8060,700
8061,722
8062,697
8063,703
8064,701
8065,706
8066,706
8067,698
8068,703
8069,706
8070,700
8071,723
8072,724
8073,706
8074,697
8075,697
8076,704
8077,713
8078,711
8079,696
8080,694
8081,704
8082,715
8083,696
8084,704
8085,695
8086,699
8087,730
8088,700
8089,701
8090,703
8091,710
8092,701
8093,731
8094,702
8095,704
8096,699
8097,701
8098,709
8099,697
8100,705
8101,714
8102,710
8103,704
8104,699
8105,700
8106,701
8107,712
8108,701
8109,703
8110,695
8111,716
8112,694
8113,705
8114,701
8115,699
8116,710
8117,700
8118,700
8119,700
8120,696
8121,714
8122,701
8123,702
8124,704
8125,718
8126,721
8127,700
8128,696
8129,703
8130,710
8131,702
8132,708
8133,701
8134,701
8135,701
8136,700
8137,700
8138,709
8139,701
8140,700
8141,715
8142,697
8143,706
8144,696
8145,704
8146,720
8147,697
8148,701
8149,706
8150,703
8151,702
8152,710
8153,713
8154,704
8155,707
8156,714
8157,701
8158,704
8159,708
8160,726
8161,700
8162,705
8163,707
8164,711
8165,699
8166,695
8167,702
8168,700
8169,704
8170,712
8171,714
8172,697
8173,699
8174,717
8175,701
8176,699
8177,695
8178,712
8179,697
8180,704
8181,697
8182,709
8183,702
8184,699
8185,703
8186,700
8187,697
8188,701
8189,705
8190,722
8191,696
8192,711
8193,709
8194,714
8195,709
8196,694
8197,703
8198,697
8199,933
8200,713
8201,694
8202,724
8203,697
8204,694
8205,697
8206,714
8207,692
8208,699
8209,694
8210,697
8211,735
8212,697
8213,700
8214,719
8215,711
8216,699
8217,699
8218,705
8219,701
8220,708
8221,698
8222,698
8223,695
8224,710
8225,700
8226,701
8227,700
8228,703
8229,696
8230,724
8231,697
8232,690
8233,702
8234,692
8235,698
8236,692
8237,693
8238,717
8239,695
8240,696
8241,698
8242,695
8243,729
8244,695
8245,700
8246,696
8247,700
8248,714
8249,704
8250,713
8251,697
8252,699
8253,721
8254,731
8255,2489
8256,712
8257,729
8258,717
8259,714
8260,712
8261,716
8262,725
8263,712
8264,715
8265,726
8266,711
8267,716
8268,713
8269,742
8270,714
8271,710
8272,714
8273,714
8274,727
8275,716
8276,716
8277,717
8278,727
8279,722
8280,722
8281,716
8282,733
8283,719
8284,716
8285,721
8286,718
8287,715
8288,716
8289,714
8290,718
8291,740
8292,716
8293,712
8294,716
8295,739
8296,716
8297,726
8298,714
8299,713
8300,718
8301,739
8302,716
8303,713
8304,719
8305,718
8306,2501
8307,1715
8308,716
8309,704
8310,702
8311,724
8312,704
8313,706
8314,713
8315,711
8316,701
8317,700
8318,723
8319,702
8320,699
8321,699
8322,698
8323,707
8324,695
8325,701
8326,709
8327,698
8328,698
8329,697
8330,701
8331,704
8332,703
8333,700
8334,700
8335,708
8336,704
8337,711
8338,702
8339,707
8340,703
8341,709
8342,707
8343,718
8344,699
8345,703
8346,705
8347,721
8348,706
8349,700
8350,694
8351,694
8352,728
8353,697
8354,698
8355,702
8356,695
8357,729
8358,693
8359,696
8360,694
8361,722
8362,695
8363,699
8364,691
8365,692
8366,709
8367,702
8368,701
8369,704
8370,703
8371,699
8372,700
8373,701
8374,701
8375,702
8376,726
8377,698
8378,701
8379,701
8380,700
8381,720
8382,698
8383,714
8384,712
8385,715
8386,748
8387,719
8388,714
8389,710
8390,719
8391,718
8392,712
8393,741
8394,718
8395,718
8396,716
8397,730
8398,720
8399,720
8400,719
8401,718
8402,718
8403,721
8404,746
8405,713
8406,714
8407,715
8408,723
8409,732
8410,713
8411,717
8412,714
8413,792
8414,743
8415,737
8416,717
8417,712
8418,720
8419,720
8420,740
8421,738
8422,728
8423,725
8424,728
8425,741
8426,720
8427,731
8428,721
8429,723
8430,724
8431,721
8432,718
8433,723
8434,727
8435,716
8436,715
8437,715
8438,730
8439,731
8440,715
8441,716
8442,716
8443,717
8444,731
8445,710
8446,3995
8447,699
8448,698
8449,713
8450,701
8451,721
8452,695
8453,698
8454,701
8455,707
8456,705
8457,701
8458,742
8459,725
8460,716
8461,721
8462,732
8463,716
8464,717
8465,714
8466,712
8467,714
8468,728
8469,716
8470,722
8471,720
8472,714
8473,717
8474,815
8475,725
8476,717
8477,715
8478,744
8479,722
8480,716
8481,718
8482,714
8483,743
8484,721
8485,737
8486,716
8487,719
8488,714
8489,718
8490,729
8491,719
8492,724
8493,744
8494,711
8495,718
8496,721
8497,722
8498,730
8499,717
8500,733
8501,718
8502,735
8503,717
8504,716
8505,716
8506,715
8507,721
8508,717
8509,715
8510,729
8511,712
8512,717
8513,712
8514,738
8515,709
8516,729
8517,734
8518,724
8519,732
8520,718
8521,718
8522,728
8523,720
8524,736
8525,719
8526,717
8527,725
8528,714
8529,726
8530,731
8531,713
8532,714
8533,717
8534,717
8535,715
8536,713
8537,714
8538,718
8539,712
8540,734
8541,734
8542,718
8543,730
8544,720
8545,715
8546,791
8547,717
8548,730
8549,721
8550,731
8551,725
8552,716
8553,725
8554,732
8555,722
8556,729
8557,718
8558,715
8559,728
8560,711
8561,719
8562,714
8563,741
8564,725
8565,719
8566,723
8567,716
8568,715
8569,714
8570,712
8571,714
8572,716
8573,717
8574,735
8575,716
8576,720
8577,722
8578,715
8579,719
8580,715
8581,717
8582,710
8583,716
8584,719
8585,716
8586,712
8587,715
8588,713
8589,731
8590,744
8591,713
8592,713
8593,713
8594,736
8595,736
8596,724
8597,709
8598,711
8599,716
8600,706
8601,714
8602,720
8603,714
8604,719
8605,731
8606,712
8607,715
8608,716
8609,718
8610,721
8611,716
8612,724
8613,717
8614,714
8615,717
8616,715
8617,719
8618,714
8619,717
8620,711
8621,729
8622,717
8623,720
8624,713
8625,711
8626,712
8627,724
8628,724
8629,715
8630,710
8631,714
8632,711
8633,715
8634,716
8635,715
8636,726
8637,719
8638,716
8639,726
8640,720
8641,716
8642,713
8643,728
8644,711
8645,716
8646,712
8647,727
8648,715
8649,718
8650,713
8651,714
8652,718
8653,934
8654,756
8655,735
8656,719
8657,721
8658,720
8659,714
8660,721
8661,716
8662,728
8663,711
8664,750
8665,728
8666,722
8667,719
8668,721
8669,742
8670,717
8671,718
8672,730
8673,737
8674,718
8675,715
8676,716
8677,714
8678,728
8679,717
8680,716
8681,711
8682,725
8683,732
8684,713
8685,710
8686,716
8687,716
8688,721
8689,714
8690,719
8691,719
8692,724
8693,714
8694,719
8695,714
8696,721
8697,714
8698,718
8699,732
8700,716
8701,715
8702,719
8703,725
8704,736
8705,715
8706,716
8707,730
8708,714
8709,716
8710,714
8711,710
8712,721
8713,707
8714,730
8715,713
8716,730
8717,714
8718,715
8719,719
8720,719
8721,731
8722,716
8723,717
8724,717
8725,733
8726,717
8727,732
8728,717
8729,722
8730,731
8731,731
8732,714
8733,716
8734,708
8735,715
8736,712
8737,719
8738,718
8739,729
8740,731
8741,717
8742,717
8743,731
8744,718
8745,714
8746,717
8747,728
8748,715
8749,712
8750,717
8751,725
8752,719
8753,733
8754,834
8755,726
8756,730
8757,731
8758,709
8759,720
8760,713
8761,718
8762,725
8763,721
8764,721
8765,719
8766,731
8767,726
8768,716
8769,719
8770,713
8771,734
8772,1824
8773,702
8774,707
8775,700
8776,697
8777,704
8778,703
8779,697
8780,703
8781,700
8782,709
8783,706
8784,702
8785,702
8786,701
8787,704
8788,710
8789,707
8790,705
8791,697
8792,712
8793,706
8794,715
8795,713
8796,712
8797,707
8798,704
8799,716
8800,705
8801,700
8802,697
8803,701
8804,706
8805,710
8806,718
8807,698
8808,717
8809,737
8810,2768
8811,732
8812,740
8813,718
8814,733
8815,716
8816,714
8817,724
8818,716
8819,726
8820,723
8821,713
8822,714
8823,711
8824,729
8825,713
8826,717
8827,724
8828,715
8829,737
8830,720
8831,710
8832,715
8833,731
8834,740
8835,713
8836,739
8837,716
8838,714
8839,715
8840,720
8841,740
8842,717
8843,714
8844,712
8845,721
8846,735
8847,715
8848,717
8849,714
8850,716
8851,716
8852,716
8853,713
8854,743
8855,724
8856,713
8857,720
8858,726
8859,714
8860,708
8861,719
8862,718
8863,713
8864,714
8865,710
8866,736
8867,710
8868,717
8869,2579
8870,1709
8871,706
8872,701
8873,706
8874,713
8875,702
8876,704
8877,711
8878,709
8879,725
8880,706
8881,704
8882,706
8883,694
8884,717
8885,700
8886,710
8887,699
8888,698
8889,710
8890,703
8891,702
8892,704
8893,703
8894,718
8895,702
8896,719
8897,706
8898,707
8899,706
8900,710
8901,705
8902,722
8903,702
8904,707
8905,707
8906,703
8907,708
8908,709
8909,706
8910,742
8911,725
8912,703
8913,699
8914,735
8915,705
8916,734
8917,2781
8918,717
8919,723
8920,727
8921,722
8922,719
8923,729
8924,733
8925,720
8926,726
8927,718
8928,735
8929,732
8930,733
8931,713
8932,718
8933,722
8934,718
8935,730
8936,727
8937,718
8938,724
8939,720
8940,728
8941,718
8942,733
8943,730
8944,720
8945,724
8946,723
8947,712
8948,728
8949,723
8950,717
8951,719
8952,723
8953,717
8954,756
8955,706
8956,709
8957,716
8958,717
8959,717
8960,711
8961,712
8962,738
8963,717
8964,721
8965,715
8966,714
8967,715
8968,737
8969,718
8970,718
8971,721
8972,723
8973,742
8974,714
8975,718
8976,795
8977,723
8978,839
8979,718
8980,717
8981,3894
8982,708
8983,700
8984,711
8985,727
8986,699
8987,704
8988,708
8989,699
8990,705
8991,701
8992,695
8993,710
8994,702
8995,739
8996,709
8997,703
8998,700
8999,703
9000,706
9001,710
9002,701
9003,715
9004,696
9005,701
9006,704
9007,705
9008,719
9009,717
9010,697
9011,702
9012,698
9013,709
9014,712
9015,697
9016,702
9017,703
9018,699
9019,719
9020,707
9021,702
9022,701
9023,714
9024,705
9025,716
9026,699
9027,707
9028,706
9029,708
9030,701
9031,713
9032,718
9033,712
9034,706
9035,699
9036,723
9037,703
9038,700
9039,707
9040,701
9041,711
9042,702
9043,703
9044,703
9045,716
9046,705
9047,696
9048,701
9049,695
9050,728
9051,698
9052,695
9053,739
9054,712
9055,699
9056,715
9057,703
9058,699
9059,704
9060,730
9061,703
9062,708
9063,698
9064,705
9065,708
9066,708
9067,702
9068,703
9069,705
9070,703
9071,704
9072,703
9073,718
9074,705
9075,704
9076,703
9077,703
9078,720
9079,700
9080,713
9081,718
9082,699
9083,728
9084,718
9085,696
9086,7652
9087,873
9088,768
9089,762
9090,746
9091,740
9092,724
9093,718
9094,723
9095,715
9096,741
9097,722
9098,717
9099,720
9100,718
9101,719
9102,721
9103,726
9104,716
9105,722
9106,731
9107,723
9108,1140
9109,784
9110,773
9111,745
9112,721
9113,718
9114,727
9115,722
9116,735
9117,718
9118,714
9119,716
9120,716
9121,734
9122,714
9123,725
9124,716
9125,721
9126,716
9127,720
9128,721
9129,716
9130,719
9131,726
9132,719
9133,729
9134,712
9135,712
9136,711
9137,716
9138,714
9139,736
9140,715
9141,714
9142,725
9143,722
9144,731
9145,719
9146,712
9147,735
9148,749
9149,735
9150,715
9151,716
9152,736
9153,720
9154,718
9155,718
9156,716
9157,718
9158,715
9159,709
9160,721
9161,716
9162,715
9163,729
9164,713
9165,715
9166,717
9167,715
9168,709
9169,846
9170,720
9171,718
9172,717
9173,721
9174,725
9175,708
9176,722
9177,703
9178,713
9179,717
9180,718
9181,715
9182,709
9183,713
9184,730
9185,709
9186,710
9187,709
9188,712
9189,715
9190,708
9191,723
9192,716
9193,728
9194,717
9195,714
9196,713
9197,714
9198,718
9199,720
9200,735
9201,709
9202,713
9203,715
9204,723
9205,713
9206,717
9207,716
9208,729
9209,719
9210,709
9211,720
9212,801
9213,716
9214,745
9215,710
9216,713
9217,717
9218,734
9219,716
9220,721
9221,714
9222,709
9223,718
9224,715
9225,723
9226,723
9227,786
9228,709
9229,721
9230,727
9231,717
9232,711
9233,731
9234,719
9235,715
9236,718
9237,721
9238,712
9239,733
9240,714
9241,717
9242,709
9243,708
9244,725
9245,711
9246,722
9247,729
9248,714
9249,710
9250,715
9251,714
9252,715
9253,710
9254,720
9255,717
9256,743
9257,714
9258,722
9259,713
9260,717
9261,728
9262,716
9263,717
9264,711
9265,727
9266,714
9267,709
9268,714
9269,719
9270,711
9271,712
9272,712
9273,727
9274,721
9275,711
9276,712
9277,716
9278,716
9279,740
9280,719
9281,711
9282,717
9283,714
9284,711
9285,709
9286,711
9287,739
9288,721
9289,719
9290,710
9291,711
9292,712
9293,711
9294,715
9295,722
9296,730
9297,713
9298,709
9299,715
9300,713
9301,724
9302,719
9303,715
9304,718
9305,705
9306,720
9307,707
9308,721
9309,717
9310,717
9311,715
9312,710
9313,727
9314,729
9315,709
9316,722
9317,713
9318,717
9319,715
9320,722
9321,716
9322,718
9323,714
9324,719
9325,711
9326,724
9327,722
9328,714
9329,714
9330,715
9331,732
9332,733
9333,716
9334,717
9335,717
9336,734
9337,739
9338,736
9339,711
9340,715
9341,714
9342,716
9343,713
9344,714
9345,708
9346,721
9347,723
9348,715
9349,715
9350,734
9351,716
9352,727
9353,711
9354,719
9355,721
9356,714
9357,728
9358,716
9359,713
9360,737
9361,732
9362,712
9363,721
9364,722
9365,711
9366,720
9367,722
9368,713
9369,711
9370,716
9371,741
9372,712
9373,715
9374,730
9375,710
9376,733
9377,763
9378,721
9379,2858
9380,759
9381,730
9382,728
9383,728
9384,729
9385,730
9386,732
9387,750
9388,730
9389,728
9390,725
9391,730
9392,758
9393,729
9394,726
9395,723
9396,725
9397,747
9398,732
9399,731
9400,736
9401,755
9402,739
9403,725
9404,730
9405,726
9406,747
9407,730
9408,728
9409,729
9410,729
9411,735
9412,726
9413,765
9414,730
9415,739
9416,731
9417,728
9418,729
9419,750
9420,734
9421,728
9422,728
9423,727
9424,14388
9425,868
9426,783
9427,783
9428,778
9429,741
9430,744
9431,761
9432,734
9433,735
9434,733
9435,746
9436,731
9437,729
9438,731
9439,757
9440,734
9441,756
9442,730
9443,757
9444,724
9445,731
9446,731
9447,735
9448,744
9449,730
9450,727
9451,725
9452,735
9453,728
9454,732
9455,728
9456,729
9457,745
9458,726
9459,813
9460,732
9461,744
9462,727
9463,728
9464,725
9465,724
9466,733
9467,726
9468,724
9469,729
9470,747
9471,726
9472,738
9473,747
9474,727
9475,741
9476,761
9477,725
9478,732
9479,734
9480,755
9481,726
9482,725
9483,723
9484,731
9485,742
9486,723
9487,728
9488,724
9489,724
9490,754
9491,730
9492,723
9493,723
9494,732
9495,759
9496,724
9497,754
9498,755
9499,726
9500,722
9501,728
9502,727
9503,753
9504,727
9505,751
9506,749
9507,722
9508,725
9509,728
9510,733
9511,763
9512,734
9513,728
9514,734
9515,728
9516,724
9517,734
9518,759
9519,732
9520,726
9521,728
9522,724
9523,734
9524,733
9525,737
9526,742
9527,750
9528,722
9529,720
9530,733
9531,733
9532,728
9533,728
9534,728
9535,725
9536,733
9537,740
9538,743
9539,737
9540,724
9541,723
9542,748
9543,724
9544,745
9545,728
9546,725
9547,736
9548,734
9549,746
9550,724
9551,732
9552,725
9553,726
9554,739
9555,743
9556,726
9557,731
9558,727
9559,725
9560,752
9561,732
9562,970
9563,729
9564,728
9565,740
9566,716
9567,711
9568,713
9569,719
9570,711
9571,714
9572,742
9573,735
9574,708
9575,717
9576,716
9577,732
9578,713
9579,733
9580,709
9581,711
9582,713
9583,716
9584,711
9585,723
9586,717
9587,719
9588,715
9589,723
9590,736
9591,724
9592,713
9593,1119
9594,725
9595,728
9596,714
9597,720
9598,724
9599,723
9600,718
9601,721
9602,734
9603,740
9604,733
9605,721
9606,716
9607,718
9608,743
9609,718
9610,716
9611,716
9612,715
9613,763
9614,720
9615,717
9616,714
9617,738
9618,724
9619,716
9620,717
9621,720
9622,713
9623,735
9624,721
9625,721
9626,740
9627,718
9628,732
9629,723
9630,722
9631,716
9632,738
9633,722
9634,717
9635,718
9636,719
9637,720
9638,715
9639,720
9640,739
9641,714
9642,727
9643,733
9644,714
9645,717
9646,716
9647,733
9648,736
9649,715
9650,711
9651,733
9652,727
9653,721
9654,716
9655,733
9656,725
9657,717
9658,718
9659,719
9660,716
9661,723
9662,729
9663,712
9664,730
9665,722
9666,719
9667,719
9668,716
9669,716
9670,715
9671,739
9672,713
9673,714
9674,714
9675,715
9676,732
9677,736
9678,712
9679,720
9680,722
9681,724
9682,714
9683,720
9684,717
9685,722
9686,732
9687,717
9688,721
9689,718
9690,725
9691,734
9692,728
9693,730
9694,714
9695,717
9696,736
9697,716
9698,715
9699,719
9700,717
9701,728
9702,711
9703,720
9704,721
9705,719
9706,713
9707,732
9708,717
9709,719
9710,716
9711,735
9712,712
9713,726
9714,710
9715,720
9716,714
9717,735
9718,731
9719,713
9720,712
9721,717
9722,733
9723,722
9724,717
9725,734
9726,722
9727,722
9728,728
9729,717
9730,732
9731,719
9732,730
9733,719
9734,870
9735,727
9736,732
9737,720
9738,715
9739,716
9740,716
9741,721
9742,729
9743,719
9744,2525
9745,1599
9746,701
9747,707
9748,703
9749,717
9750,705
9751,703
9752,720
9753,708
9754,705
9755,707
9756,708
9757,703
9758,713
9759,703
9760,701
9761,704
9762,729
9763,702
9764,708
9765,718
9766,710
9767,713
9768,707
9769,706
9770,711
9771,700
9772,700
9773,781
9774,720
9775,718
9776,732
9777,706
9778,708
9779,703
9780,707
9781,706
9782,712
9783,705
9784,705
9785,706
9786,740
9787,703
9788,702
9789,701
9790,706
9791,700
9792,802
9793,700
9794,702
9795,697
9796,704
9797,716
9798,693
9799,700
9800,701
9801,724
9802,699
9803,705
9804,700
9805,702
9806,703
9807,713
9808,698
9809,701
9810,697
9811,696
9812,710
9813,702
9814,708
9815,708
9816,714
9817,700
9818,719
9819,704
9820,700
9821,703
9822,701
9823,711
9824,720
9825,706
9826,713
9827,710
9828,705
9829,703
9830,712
9831,700
9832,696
9833,725
9834,702
9835,700
9836,702
9837,703
9838,700
9839,712
9840,704
9841,701
9842,712
9843,700
9844,713
9845,703
9846,698
9847,710
9848,698
9849,703
9850,697
9851,702
9852,703
9853,717
9854,700
9855,700
9856,715
9857,700
9858,699
9859,691
9860,698
9861,699
9862,713
9863,697
9864,694
9865,721
9866,700
9867,697
9868,698
9869,718
9870,701
9871,701
9872,719
9873,702
9874,699
9875,699
9876,732
9877,704
9878,699
9879,727
9880,701
9881,702
9882,701
9883,698
9884,700
9885,699
9886,709
9887,694
9888,697
9889,698
9890,699
9891,695
9892,715
9893,695
9894,698
9895,714
9896,697
9897,696
9898,697
9899,722
9900,707
9901,732
9902,722
9903,700
9904,699
9905,695
9906,711
9907,700
9908,704
9909,699
9910,719
9911,700
9912,694
9913,701
9914,727
9915,713
9916,701
9917,699
9918,699
9919,718
9920,696
9921,701
9922,699
9923,713
9924,693
9925,718
9926,694
9927,728
9928,703
9929,698
9930,713
9931,721
9932,721
9933,699
9934,697
9935,697
9936,716
9937,715
9938,698
9939,698
9940,717
9941,701
9942,703
9943,699
9944,710
9945,706
9946,744
9947,696
9948,696
9949,699
9950,724
9951,695
9952,713
9953,694
9954,704
9955,694
9956,702
9957,699
9958,704
9959,697
9960,710
9961,732
9962,709
9963,693
9964,701
9965,698
9966,718
9967,711
9968,740
9969,700
9970,693
9971,698
9972,715
9973,700
9974,702
9975,697
9976,692
9977,707
9978,787
9979,696
9980,697
9981,710
9982,700
9983,699
9984,696
9985,720
9986,698
9987,729
9988,689
9989,696
9990,695
9991,694
9992,711
9993,707
9994,700
9995,700
9996,701
9997,696
9998,719
9999,702
